:020000040000FA
:2000000080311228FF3FFF3F7E14803120007F08F0008D1692128531852570082000FF0061
:200020007E10090080311428A4308400853085007630860000308700033085319825803170
:20004000773084008530850044308600003087000E30853198258031F901FA01203084005F
:2000600000308500243085319E257E10200080313928210099151916991619178B170B179D
:2000800092122000111392121B3021008C0007308E008D0120000E128E128E118E138D13C9
:2000A0008C128D16133023008C008D0107308E00F33021009E00CB30220097009D01033053
:2000C0009E009F3020009B008C302500930050309100503094005030F6000030F700103082
:2000E000950095174E302000D2005208D500FA010C3026009A001530280096000B302600C5
:20010000980025001E083F3940389E00CF309E05F3309E05FC309E05200091109101920151
:20012000FC309C05FC302800970520001C15280017152000911C992891100330D4000830EF
:20014000D3007830D200D20BA328D30BA328D40BA32804302200910090309200C030980096
:200160000F30990003302000D4000830D3007830D200D20BB928D30BB928D40BB928250099
:2001800095132000911CF42884317D248031F42885314725803172082000B3007108B20060
:2001A000C301C30A032985315725803172082000B1007108B0000230E628853167258031F8
:2001C00072082000AF007108AE000330D2005208C300032985312125803172082000BD005D
:2001E0007108BC00C301032920004308003A0319C828013A0319D328033A0319DD28013A3E
:200200000319EA28032933083502031D09293208340203180F290130B4070030B53D3508B2
:200220003302031D15293408320203181B290130B4020030B53B00303502FA300319340272
:20024000031C73296F307806031D7329023035029E3003193402031C32290130F6070030A9
:20026000F73D412902303502AC30031934020318652976087704031941290130F6020030C8
:20028000F73B5508D200D30177085302031D4A2976085202031853295508D200D3015208FC
:2002A000F6005308F7007A08D200D30177085302031D5C2976085202031C65297A08D20082
:2002C000D3015208F6005308F70002303502A33003193402031C70294F30F6000030F700C6
:2002E000760825009400003020003502FA30031934020318AA296F307806031DAA29013095
:20030000F6070030F73D5508D200D30177085302031D8C2976085202031895295508D200F6
:20032000D3015208F6005308F7007A08D200D30177085302031D9E2976085202031CA729A3
:200340007A08D200D3015208F6005308F70076082500940073307806031D222A20002C08BB
:200360002D040319222A02303502A33003193402031CE6290130F6070030F73D5508D20067
:20038000D30177085302031DC729760852020318D0295508D200D3015208F6005308F7001A
:2003A0007A08D200D30177085302031DD92976085202031CE2297A08D200D3015208F600AB
:2003C0005308F700760825009400222A01302000A2070030A33D323022062304031D222A21
:2003E000760877040319F8290130F6020030F73B5508D200D30177085302031D012A76089C
:20040000520203180A2A5508D200D3015208F6005308F7007A08D200D30177085302031D78
:20042000132A76085202031C1C2A7A08D200D3015208F6005308F700760825009400200027
:20044000A201A301733078060319512AFC2A8E118E138D134F30432A8E158E138D134E3049
:20046000432A8E118E178D134D30432A8E118E138D174C30432A8E118E17402A8E158E1382
:200480008D138C164B30F6000030F700612A8E158E138D138C16612A6F30D2005208F80023
:2004A000612A20003908003A0319572A612A38088400083004020318612A85310435373EE2
:2004C000820002303502A43003193402031C6C2A5030F6000030F700760825009400003052
:2004E00020003302843003193202031C822A003039020530031938020318822A0130AC003E
:200500000030AD0000303902043003193802031C902A2C082D04031D902A85318F258031D6
:20052000003020003902053003193802031CFC2A2C082D040319FC2A6F3078060319FC2A5A
:200540000130BA070030BB3D64303A063B04031DB12A760877040319B12A0130F60200302A
:20056000F73B760825009400023020003302A43003193202031CE72A0130F6070030F73DA5
:200580005508D200D30177085302031DC92A760852020318D22A5508D200D3015208F60035
:2005A0005308F7007A08D200D30177085302031DDB2A76085202031CE42A7A08D200D301A1
:2005C0005208F6005308F700760825009400003020003B02C83003193A02031CF12ABA0170
:2005E000BB01003077020230031976020318FC2A0130F6000030F7006F307806031D1B2BBE
:2006000020004308031D1B2B00303D027F3003193C020318172B50080319102B0130D00282
:200620005008031D1B2B7430D2005208F8003230D2005208D00074307806031D3F2B220008
:20064000911304302000A8000030A9008E118D162500951701302000B6070030B73D0B30A1
:200660003702B83003193602031C3A2B0230F906B601B701F91C3E2B8E173F2B8E1374300F
:200680007806031D6A2B20004308031D6A2B00303D02D83003193C02031C652B5108031912
:2006A000532B0130D1025108031D6A2B0B30D4002630D3006630D200D20B5C2BD30B5C2B41
:2006C000D40B5C2B003201006A2B32302000D2005208D1000130200031028B3003193002E0
:2006E0000318772B0130C6020030C73B7B2BD030C6000730C70002303102BF300319300206
:20070000031C872B0130C4020030C53B8B2BD030C4000730C50046084704031D942B2200D1
:200720009113853105258031200044084504031D9E2B220091138431E42480316F30780695
:20074000031DF02B20008D128E1502302F026A3003192E02031CB12B7914F030C800D23041
:20076000C90003302F02203003192E02031CBD2B6430A4000030A5008E1724082504031986
:20078000C52B0130A4020030A53B2408250403198E1303302F023E3003192E02031CE32B25
:2007A0000130D2005208C2070C304202031CE42B0C30D2005208C2005030A6000030A7003E
:2007C0008E178D17E42BC201260827040319EC2B0130A6020030A73B2608270403198D1372
:2007E00020004A084B04031DC1286F307806031DC1282100921622009117C128791C122CBA
:200800002000480849040319092C0130C8020030C93B48084904031D122C7910F030C8002F
:20082000D230C9006F307806031D0800013020003D027C3003193C0203187918232C0130E6
:20084000A8000030A900043028062904031D791C2D2C0230A8000030A90001303D025E30C9
:2008600003193C020318492C4E084F0403193C2C0130CE020030CF3B4E084F04031D742CBD
:200880000430A8000030A900B030CE000430CF00742CB030CE000430CF0001303D02683099
:2008A00003193C02031C742C01303D027C3003193C020318742C043028062904031D742C9F
:2008C0004C084D040319682C0130CC020030CD3B4C084D04031D742C0230A8000030A90074
:2008E000B030CC000430CD004A084B04031908000130CA020030CB3B080001302000BE0735
:200900000030BF3D05303E063F0403198C2C0A303E063F04031DA02C0130A0070030A13D88
:20092000143020062104031DA02CA001A1016F30780603199F2C74307806031DA02C8C1645
:2009400028032904031DA92C0A302006210403198C12023028062904031DB32C0F3020061A
:20096000210403198C1203302806290403198C1604302806290403198C1608303E063F0440
:20098000031DE22C8331FE2384312000BE01BF010130C0070030C13D2030400603300319F5
:2009A0004106031DD92CC001C1010130B8070030B93D003039020A3003193802031CE22C0A
:2009C000B801B9019110080020008D16250095172000B801B9018E118E13911CF22C843114
:2009E0007D2484312000380839040319012D0230380639040319012D043038063904031DF4
:200A0000032D8D17EB2C8D13EB2C20008D16250095172000B801B9018E118E13911C132DE0
:200A200084317D24853120003808390403191D2D023038063904031D1F2D8D170C2D8D1311
:200A40000C2DF401F5010D3021009D000D30F300F30B282D21009D149D182C2D1C08F500FB
:200A60001B08F4007508F2007408F10008008231272A82312C2A8231312A8231362A82319A
:200A80003B2A82313E2A8231472A82314C2A193021009D000D30F300F30B4C2D21009D1409
:200AA0009D18502D1C08F2001B08F1000800153021009D000D30F300F30B5C2D21009D1446
:200AC0009D18602D1C08F2001B08F1000800113021009D000D30F300F30B6C2D21009D140A
:200AE0009D18702D1C08F2001B08F1000800D0340734D0340734F034D234B8340B34B034BB
:200B00000434B0340434FF34FF3420008D168E118E138D172500951720008C16852D20000F
:200B20008E158E138D178D16250095179C178F2DFE0012001E00FE0B992D003464008001D4
:200B40000131890B9F2D0034643400347334FF3FFF3FFF3FFF3FFF3FFF3FFF3FFF3FFF3F2E
:200B6000FF3FFF3FFF3FFF3FFF3FFF3FFF3FFF3FFF3FFF3FFF3FFF3FFF3FFF3FFF3FFF3F95
:200B8000FF3FFF3FFF3FFF3FFF3FFF3FFF3FFF3FFF3FFF3FFF3FFF3FFF3FFF3FFF3FFF3F75
:200BA000FF3FFF3FFF3FFF3FFF3FFF3FFF3FFF3FFF3FFF3FFF3FFF3FFF3FFF3FFF3FFF3F55
:200BC000FF3FFF3FFF3FFF3FFF3FFF3FFF3FFF3FFF3FFF3FFF3FFF3FFF3FFF3FFF3FFF3F35
:200BE000FF3FFF3FFF3FFF3FFF3FFF3FFF3FFF3FFF3FFF3FFF3FFF3FFF3FFF3FFF3FFF3F15
:200C0000FF3FFF3FFF3FFF3FFF3FFF3FFF3FFF3FFF3FFF3FFF3FFF3FFF3FFF3FFF3FFF3FF4
:200C2000FF3FFF3FFF3FFF3FFF3FFF3FFF3FFF3FFF3FFF3FFF3FFF3FFF3FFF3FFF3FFF3FD4
:200C4000FF3FFF3FFF3FFF3FFF3FFF3FFF3FFF3FFF3FFF3FFF3FFF3FFF3FFF3FFF3FFF3FB4
:200C6000FF3FFF3FFF3FFF3FFF3FFF3FFF3FFF3FFF3FFF3FFF3FFF3FFF3FFF3FFF3FFF3F94
:200C8000FF3FFF3FFF3FFF3FFF3FFF3FFF3FFF3FFF3FFF3FFF3FFF3FFF3FFF3FFF3FFF3F74
:200CA000FF3FFF3FFF3FFF3FFF3FFF3FFF3FFF3FFF3FFF3FFF3FFF3FFF3FFF3FFF3FFF3F54
:200CC000FF3FFF3FFF3FFF3FFF3FFF3FFF3FFF3FFF3FFF3FFF3FFF3FFF3FFF3FFF3FFF3F34
:200CE000FF3FFF3FFF3FFF3FFF3FFF3FFF3FFF3FFF3FFF3FFF3FFF3FFF3FFF3FFF3FFF3F14
:200D0000FF3FFF3FFF3FFF3FFF3FFF3FFF3FFF3FFF3FFF3FFF3FFF3FFF3FFF3FFF3FFF3FF3
:200D2000FF3FFF3FFF3FFF3FFF3FFF3FFF3FFF3FFF3FFF3FFF3FFF3FFF3FFF3FFF3FFF3FD3
:200D4000FF3FFF3FFF3FFF3FFF3FFF3FFF3FFF3FFF3FFF3FFF3FFF3FFF3FFF3FFF3FFF3FB3
:200D6000FF3FFF3FFF3FFF3FFF3FFF3FFF3FFF3FFF3FFF3FFF3FFF3FFF3FFF3FFF3FFF3F93
:200D8000FF3FFF3FFF3FFF3FFF3FFF3FFF3FFF3FFF3FFF3FFF3FFF3FFF3FFF3FFF3FFF3F73
:200DA000FF3FFF3FFF3FFF3FFF3FFF3FFF3FFF3FFF3FFF3FFF3FFF3FFF3FFF3FFF3FFF3F53
:200DC000FF3FFF3FFF3FFF3FFF3FFF3FFF3FFF3FFF3FFF3FFF3FFF3FFF3FFF3FFF3FFF3F33
:200DE000FF3FFF3FFF3FFF3FFF3FFF3FFF3FFF3FFF3FFF3FFF3FFF3FFF3FFF3FFF3FFF3F13
:200E0000FF3FFF3FFF3FFF3FFF3FFF3FFF3FFF3FFF3FFF3FFF3FFF3FFF3FFF3FFF3FFF3FF2
:200E2000FF3FFF3FFF3FFF3FFF3FFF3FFF3FFF3FFF3FFF3FFF3FFF3FFF3FFF3FFF3FFF3FD2
:200E4000FF3FFF3FFF3FFF3FFF3FFF3FFF3FFF3FFF3FFF3FFF3FFF3FFF3FFF3FFF3FFF3FB2
:200E6000FF3FFF3FFF3FFF3FFF3FFF3FFF3FFF3FFF3FFF3FFF3FFF3FFF3FFF3FFF3FFF3F92
:200E8000FF3FFF3FFF3FFF3FFF3FFF3FFF3FFF3FFF3FFF3FFF3FFF3FFF3FFF3FFF3FFF3F72
:200EA000FF3FFF3FFF3FFF3FFF3FFF3FFF3FFF3FFF3FFF3FFF3FFF3FFF3FFF3FFF3FFF3F52
:200EC000FF3FFF3FFF3FFF3FFF3FFF3FFF3FFF3FFF3FFF3FFF3FFF3FFF3FFF3FFF3FFF3F32
:200EE000FF3FFF3FFF3FFF3FFF3FFF3FFF3FFF3FFF3FFF3FFF3FFF3FFF3FFF3FFF3FFF3F12
:200F0000FF3FFF3FFF3FFF3FFF3FFF3FFF3FFF3FFF3FFF3FFF3FFF3FFF3FFF3FFF3FFF3FF1
:200F2000FF3FFF3FFF3FFF3FFF3FFF3FFF3FFF3FFF3FFF3FFF3FFF3FFF3FFF3FFF3FFF3FD1
:200F4000FF3FFF3FFF3FFF3FFF3FFF3FFF3FFF3FFF3FFF3FFF3FFF3FFF3FFF3FFF3FFF3FB1
:200F6000FF3FFF3FFF3FFF3FFF3FFF3FFF3FFF3FFF3FFF3FFF3FFF3FFF3FFF3FFF3FFF3F91
:200F8000FF3FFF3FFF3FFF3FFF3FFF3FFF3FFF3FFF3FFF3FFF3FFF3FFF3FFF3FFF3FFF3F71
:200FA000FF3FFF3FFF3FFF3FFF3FFF3FFF3FFF3FFF3FFF3FFF3FFF3FFF3FFF3FFF3FFF3F51
:200FC000FF3FFF3FFF3FFF3FFF3FFF3FFF3FFF3FFF3FFF3FFF3FFF3FFF3FFF3FFF3FFF3F31
:200FE000FF3FFF3FFF3FFF3FFF3FFF3FFF3FFF3FFF3FFF3FFF3FFF3FFF3FFF3FFF3FFF3F11
:20100000FF3FFF3FFF3FFF3FFF3FFF3FFF3FFF3FFF3FFF3FFF3FFF3FFF3FFF3FFF3FFF3FF0
:20102000FF3FFF3FFF3FFF3FFF3FFF3FFF3FFF3FFF3FFF3FFF3FFF3FFF3FFF3FFF3FFF3FD0
:20104000FF3FFF3FFF3FFF3FFF3FFF3FFF3FFF3FFF3FFF3FFF3FFF3FFF3FFF3FFF3FFF3FB0
:20106000FF3FFF3FFF3FFF3FFF3FFF3FFF3FFF3FFF3FFF3FFF3FFF3FFF3FFF3FFF3FFF3F90
:20108000FF3FFF3FFF3FFF3FFF3FFF3FFF3FFF3FFF3FFF3FFF3FFF3FFF3FFF3FFF3FFF3F70
:2010A000FF3FFF3FFF3FFF3FFF3FFF3FFF3FFF3FFF3FFF3FFF3FFF3FFF3FFF3FFF3FFF3F50
:2010C000FF3FFF3FFF3FFF3FFF3FFF3FFF3FFF3FFF3FFF3FFF3FFF3FFF3FFF3FFF3FFF3F30
:2010E000FF3FFF3FFF3FFF3FFF3FFF3FFF3FFF3FFF3FFF3FFF3FFF3FFF3FFF3FFF3FFF3F10
:20110000FF3FFF3FFF3FFF3FFF3FFF3FFF3FFF3FFF3FFF3FFF3FFF3FFF3FFF3FFF3FFF3FEF
:20112000FF3FFF3FFF3FFF3FFF3FFF3FFF3FFF3FFF3FFF3FFF3FFF3FFF3FFF3FFF3FFF3FCF
:20114000FF3FFF3FFF3FFF3FFF3FFF3FFF3FFF3FFF3FFF3FFF3FFF3FFF3FFF3FFF3FFF3FAF
:20116000FF3FFF3FFF3FFF3FFF3FFF3FFF3FFF3FFF3FFF3FFF3FFF3FFF3FFF3FFF3FFF3F8F
:20118000FF3FFF3FFF3FFF3FFF3FFF3FFF3FFF3FFF3FFF3FFF3FFF3FFF3FFF3FFF3FFF3F6F
:2011A000FF3FFF3FFF3FFF3FFF3FFF3FFF3FFF3FFF3FFF3FFF3FFF3FFF3FFF3FFF3FFF3F4F
:2011C000FF3FFF3FFF3FFF3FFF3FFF3FFF3FFF3FFF3FFF3FFF3FFF3FFF3FFF3FFF3FFF3F2F
:2011E000FF3FFF3FFF3FFF3FFF3FFF3FFF3FFF3FFF3FFF3FFF3FFF3FFF3FFF3FFF3FFF3F0F
:20120000FF3FFF3FFF3FFF3FFF3FFF3FFF3FFF3FFF3FFF3FFF3FFF3FFF3FFF3FFF3FFF3FEE
:20122000FF3FFF3FFF3FFF3FFF3FFF3FFF3FFF3FFF3FFF3FFF3FFF3FFF3FFF3FFF3FFF3FCE
:20124000FF3FFF3FFF3FFF3FFF3FFF3FFF3FFF3FFF3FFF3FFF3FFF3FFF3FFF3FFF3FFF3FAE
:20126000FF3FFF3FFF3FFF3FFF3FFF3FFF3FFF3FFF3FFF3FFF3FFF3FFF3FFF3FFF3FFF3F8E
:20128000FF3FFF3FFF3FFF3FFF3FFF3FFF3FFF3FFF3FFF3FFF3FFF3FFF3FFF3FFF3FFF3F6E
:2012A000FF3FFF3FFF3FFF3FFF3FFF3FFF3FFF3FFF3FFF3FFF3FFF3FFF3FFF3FFF3FFF3F4E
:2012C000FF3FFF3FFF3FFF3FFF3FFF3FFF3FFF3FFF3FFF3FFF3FFF3FFF3FFF3FFF3FFF3F2E
:2012E000FF3FFF3FFF3FFF3FFF3FFF3FFF3FFF3FFF3FFF3FFF3FFF3FFF3FFF3FFF3FFF3F0E
:20130000FF3FFF3FFF3FFF3FFF3FFF3FFF3FFF3FFF3FFF3FFF3FFF3FFF3FFF3FFF3FFF3FED
:20132000FF3FFF3FFF3FFF3FFF3FFF3FFF3FFF3FFF3FFF3FFF3FFF3FFF3FFF3FFF3FFF3FCD
:20134000FF3FFF3FFF3FFF3FFF3FFF3FFF3FFF3FFF3FFF3FFF3FFF3FFF3FFF3FFF3FFF3FAD
:20136000FF3FFF3FFF3FFF3FFF3FFF3FFF3FFF3FFF3FFF3FFF3FFF3FFF3FFF3FFF3FFF3F8D
:20138000FF3FFF3FFF3FFF3FFF3FFF3FFF3FFF3FFF3FFF3FFF3FFF3FFF3FFF3FFF3FFF3F6D
:2013A000FF3FFF3FFF3FFF3FFF3FFF3FFF3FFF3FFF3FFF3FFF3FFF3FFF3FFF3FFF3FFF3F4D
:2013C000FF3FFF3FFF3FFF3FFF3FFF3FFF3FFF3FFF3FFF3FFF3FFF3FFF3FFF3FFF3FFF3F2D
:2013E000FF3FFF3FFF3FFF3FFF3FFF3FFF3FFF3FFF3FFF3FFF3FFF3FFF3FFF3FFF3FFF3F0D
:20140000FF3FFF3FFF3FFF3FFF3FFF3FFF3FFF3FFF3FFF3FFF3FFF3FFF3FFF3FFF3FFF3FEC
:20142000FF3FFF3FFF3FFF3FFF3FFF3FFF3FFF3FFF3FFF3FFF3FFF3FFF3FFF3FFF3FFF3FCC
:20144000FF3FFF3FFF3FFF3FFF3FFF3FFF3FFF3FFF3FFF3FFF3FFF3FFF3FFF3FFF3FFF3FAC
:20146000FF3FFF3FFF3FFF3FFF3FFF3FFF3FFF3FFF3FFF3FFF3FFF3FFF3FFF3FFF3FFF3F8C
:20148000FF3FFF3FFF3FFF3FFF3FFF3FFF3FFF3FFF3FFF3FFF3FFF3FFF3FFF3FFF3FFF3F6C
:2014A000FF3FFF3FFF3FFF3FFF3FFF3FFF3FFF3FFF3FFF3FFF3FFF3FFF3FFF3FFF3FFF3F4C
:2014C000FF3FFF3FFF3FFF3FFF3FFF3FFF3FFF3FFF3FFF3FFF3FFF3FFF3FFF3FFF3FFF3F2C
:2014E000FF3FFF3FFF3FFF3FFF3FFF3FFF3FFF3FFF3FFF3FFF3FFF3FFF3FFF3FFF3FFF3F0C
:20150000FF3FFF3FFF3FFF3FFF3FFF3FFF3FFF3FFF3FFF3FFF3FFF3FFF3FFF3FFF3FFF3FEB
:20152000FF3FFF3FFF3FFF3FFF3FFF3FFF3FFF3FFF3FFF3FFF3FFF3FFF3FFF3FFF3FFF3FCB
:20154000FF3FFF3FFF3FFF3FFF3FFF3FFF3FFF3FFF3FFF3FFF3FFF3FFF3FFF3FFF3FFF3FAB
:20156000FF3FFF3FFF3FFF3FFF3FFF3FFF3FFF3FFF3FFF3FFF3FFF3FFF3FFF3FFF3FFF3F8B
:20158000FF3FFF3FFF3FFF3FFF3FFF3FFF3FFF3FFF3FFF3FFF3FFF3FFF3FFF3FFF3FFF3F6B
:2015A000FF3FFF3FFF3FFF3FFF3FFF3FFF3FFF3FFF3FFF3FFF3FFF3FFF3FFF3FFF3FFF3F4B
:2015C000FF3FFF3FFF3FFF3FFF3FFF3FFF3FFF3FFF3FFF3FFF3FFF3FFF3FFF3FFF3FFF3F2B
:2015E000FF3FFF3FFF3FFF3FFF3FFF3FFF3FFF3FFF3FFF3FFF3FFF3FFF3FFF3FFF3FFF3F0B
:20160000FF3FFF3FFF3FFF3FFF3FFF3FFF3FFF3FFF3FFF3FFF3FFF3FFF3FFF3FFF3FFF3FEA
:20162000FF3FFF3FFF3FFF3FFF3FFF3FFF3FFF3FFF3FFF3FFF3FFF3FFF3FFF3FFF3FFF3FCA
:20164000FF3FFF3FFF3FFF3FFF3FFF3FFF3FFF3FFF3FFF3FFF3FFF3FFF3FFF3FFF3FFF3FAA
:20166000FF3FFF3FFF3FFF3FFF3FFF3FFF3FFF3FFF3FFF3FFF3FFF3FFF3FFF3FFF3FFF3F8A
:20168000FF3FFF3FFF3FFF3FFF3FFF3FFF3FFF3FFF3FFF3FFF3FFF3FFF3FFF3FFF3FFF3F6A
:2016A000FF3FFF3FFF3FFF3FFF3FFF3FFF3FFF3FFF3FFF3FFF3FFF3FFF3FFF3FFF3FFF3F4A
:2016C000FF3FFF3FFF3FFF3FFF3FFF3FFF3FFF3FFF3FFF3FFF3FFF3FFF3FFF3FFF3FFF3F2A
:2016E000FF3FFF3FFF3FFF3FFF3FFF3FFF3FFF3FFF3FFF3FFF3FFF3FFF3FFF3FFF3FFF3F0A
:20170000FF3FFF3FFF3FFF3FFF3FFF3FFF3FFF3FFF3FFF3FFF3FFF3FFF3FFF3FFF3FFF3FE9
:20172000FF3FFF3FFF3FFF3FFF3FFF3FFF3FFF3FFF3FFF3FFF3FFF3FFF3FFF3FFF3FFF3FC9
:20174000FF3FFF3FFF3FFF3FFF3FFF3FFF3FFF3FFF3FFF3FFF3FFF3FFF3FFF3FFF3FFF3FA9
:20176000FF3FFF3FFF3FFF3FFF3FFF3FFF3FFF3FFF3FFF3FFF3FFF3FFF3FFF3FFF3FFF3F89
:20178000FF3FFF3FFF3FFF3FFF3FFF3FFF3FFF3FFF3FFF3FFF3FFF3FFF3FFF3FFF3FFF3F69
:2017A000FF3FFF3FFF3FFF3FFF3FFF3FFF3FFF3FFF3FFF3FFF3FFF3FFF3FFF3FFF3FFF3F49
:2017C000FF3FFF3FFF3FFF3FFF3FFF3FFF3FFF3FFF3FFF3FFF3FFF3FFF3FFF3FFF3FFF3F29
:2017E000FF3FFF3FFF3FFF3FFF3FFF3FFF3FFF3FFF3FFF3FFF3FFF3FFF3FFF3FFF3FFF3F09
:20180000FF3FFF3FFF3FFF3FFF3FFF3FFF3FFF3FFF3FFF3FFF3FFF3FFF3FFF3FFF3FFF3FE8
:20182000FF3FFF3FFF3FFF3FFF3FFF3FFF3FFF3FFF3FFF3FFF3FFF3FFF3FFF3FFF3FFF3FC8
:20184000FF3FFF3FFF3FFF3FFF3FFF3FFF3FFF3FFF3FFF3FFF3FFF3FFF3FFF3FFF3FFF3FA8
:20186000FF3FFF3FFF3FFF3FFF3FFF3FFF3FFF3FFF3FFF3FFF3FFF3FFF3FFF3FFF3FFF3F88
:20188000FF3FFF3FFF3FFF3FFF3FFF3FFF3FFF3FFF3FFF3FFF3FFF3FFF3FFF3FFF3FFF3F68
:2018A000FF3FFF3FFF3FFF3FFF3FFF3FFF3FFF3FFF3FFF3FFF3FFF3FFF3FFF3FFF3FFF3F48
:2018C000FF3FFF3FFF3FFF3FFF3FFF3FFF3FFF3FFF3FFF3FFF3FFF3FFF3FFF3FFF3FFF3F28
:2018E000FF3FFF3FFF3FFF3FFF3FFF3FFF3FFF3FFF3FFF3FFF3FFF3FFF3FFF3FFF3FFF3F08
:20190000FF3FFF3FFF3FFF3FFF3FFF3FFF3FFF3FFF3FFF3FFF3FFF3FFF3FFF3FFF3FFF3FE7
:20192000FF3FFF3FFF3FFF3FFF3FFF3FFF3FFF3FFF3FFF3FFF3FFF3FFF3FFF3FFF3FFF3FC7
:20194000FF3FFF3FFF3FFF3FFF3FFF3FFF3FFF3FFF3FFF3FFF3FFF3FFF3FFF3FFF3FFF3FA7
:20196000FF3FFF3FFF3FFF3FFF3FFF3FFF3FFF3FFF3FFF3FFF3FFF3FFF3FFF3FFF3FFF3F87
:20198000FF3FFF3FFF3FFF3FFF3FFF3FFF3FFF3FFF3FFF3FFF3FFF3FFF3FFF3FFF3FFF3F67
:2019A000FF3FFF3FFF3FFF3FFF3FFF3FFF3FFF3FFF3FFF3FFF3FFF3FFF3FFF3FFF3FFF3F47
:2019C000FF3FFF3FFF3FFF3FFF3FFF3FFF3FFF3FFF3FFF3FFF3FFF3FFF3FFF3FFF3FFF3F27
:2019E000FF3FFF3FFF3FFF3FFF3FFF3FFF3FFF3FFF3FFF3FFF3FFF3FFF3FFF3FFF3FFF3F07
:201A0000FF3FFF3FFF3FFF3FFF3FFF3FFF3FFF3FFF3FFF3FFF3FFF3FFF3FFF3FFF3FFF3FE6
:201A2000FF3FFF3FFF3FFF3FFF3FFF3FFF3FFF3FFF3FFF3FFF3FFF3FFF3FFF3FFF3FFF3FC6
:201A4000FF3FFF3FFF3FFF3FFF3FFF3FFF3FFF3FFF3FFF3FFF3FFF3FFF3FFF3FFF3FFF3FA6
:201A6000FF3FFF3FFF3FFF3FFF3FFF3FFF3FFF3FFF3FFF3FFF3FFF3FFF3FFF3FFF3FFF3F86
:201A8000FF3FFF3FFF3FFF3FFF3FFF3FFF3FFF3FFF3FFF3FFF3FFF3FFF3FFF3FFF3FFF3F66
:201AA000FF3FFF3FFF3FFF3FFF3FFF3FFF3FFF3FFF3FFF3FFF3FFF3FFF3FFF3FFF3FFF3F46
:201AC000FF3FFF3FFF3FFF3FFF3FFF3FFF3FFF3FFF3FFF3FFF3FFF3FFF3FFF3FFF3FFF3F26
:201AE000FF3FFF3FFF3FFF3FFF3FFF3FFF3FFF3FFF3FFF3FFF3FFF3FFF3FFF3FFF3FFF3F06
:201B0000FF3FFF3FFF3FFF3FFF3FFF3FFF3FFF3FFF3FFF3FFF3FFF3FFF3FFF3FFF3FFF3FE5
:201B2000FF3FFF3FFF3FFF3FFF3FFF3FFF3FFF3FFF3FFF3FFF3FFF3FFF3FFF3FFF3FFF3FC5
:201B4000FF3FFF3FFF3FFF3FFF3FFF3FFF3FFF3FFF3FFF3FFF3FFF3FFF3FFF3FFF3FFF3FA5
:201B6000FF3FFF3FFF3FFF3FFF3FFF3FFF3FFF3FFF3FFF3FFF3FFF3FFF3FFF3FFF3FFF3F85
:201B8000FF3FFF3FFF3FFF3FFF3FFF3FFF3FFF3FFF3FFF3FFF3FFF3FFF3FFF3FFF3FFF3F65
:201BA000FF3FFF3FFF3FFF3FFF3FFF3FFF3FFF3FFF3FFF3FFF3FFF3FFF3FFF3FFF3FFF3F45
:201BC000FF3FFF3FFF3FFF3FFF3FFF3FFF3FFF3FFF3FFF3FFF3FFF3FFF3FFF3FFF3FFF3F25
:201BE000FF3FFF3FFF3FFF3FFF3FFF3FFF3FFF3FFF3FFF3FFF3FFF3FFF3FFF3FFF3FFF3F05
:201C0000FF3FFF3FFF3FFF3FFF3FFF3FFF3FFF3FFF3FFF3FFF3FFF3FFF3FFF3FFF3FFF3FE4
:201C2000FF3FFF3FFF3FFF3FFF3FFF3FFF3FFF3FFF3FFF3FFF3FFF3FFF3FFF3FFF3FFF3FC4
:201C4000FF3FFF3FFF3FFF3FFF3FFF3FFF3FFF3FFF3FFF3FFF3FFF3FFF3FFF3FFF3FFF3FA4
:201C6000FF3FFF3FFF3FFF3FFF3FFF3FFF3FFF3FFF3FFF3FFF3FFF3FFF3FFF3FFF3FFF3F84
:201C8000FF3FFF3FFF3FFF3FFF3FFF3FFF3FFF3FFF3FFF3FFF3FFF3FFF3FFF3FFF3FFF3F64
:201CA000FF3FFF3FFF3FFF3FFF3FFF3FFF3FFF3FFF3FFF3FFF3FFF3FFF3FFF3FFF3FFF3F44
:201CC000FF3FFF3FFF3FFF3FFF3FFF3FFF3FFF3FFF3FFF3FFF3FFF3FFF3FFF3FFF3FFF3F24
:201CE000FF3FFF3FFF3FFF3FFF3FFF3FFF3FFF3FFF3FFF3FFF3FFF3FFF3FFF3FFF3FFF3F04
:201D0000FF3FFF3FFF3FFF3FFF3FFF3FFF3FFF3FFF3FFF3FFF3FFF3FFF3FFF3FFF3FFF3FE3
:201D2000FF3FFF3FFF3FFF3FFF3FFF3FFF3FFF3FFF3FFF3FFF3FFF3FFF3FFF3FFF3FFF3FC3
:201D4000FF3FFF3FFF3FFF3FFF3FFF3FFF3FFF3FFF3FFF3FFF3FFF3FFF3FFF3FFF3FFF3FA3
:201D6000FF3FFF3FFF3FFF3FFF3FFF3FFF3FFF3FFF3FFF3FFF3FFF3FFF3FFF3FFF3FFF3F83
:201D8000FF3FFF3FFF3FFF3FFF3FFF3FFF3FFF3FFF3FFF3FFF3FFF3FFF3FFF3FFF3FFF3F63
:201DA000FF3FFF3FFF3FFF3FFF3FFF3FFF3FFF3FFF3FFF3FFF3FFF3FFF3FFF3FFF3FFF3F43
:201DC000FF3FFF3FFF3FFF3FFF3FFF3FFF3FFF3FFF3FFF3FFF3FFF3FFF3FFF3FFF3FFF3F23
:201DE000FF3FFF3FFF3FFF3FFF3FFF3FFF3FFF3FFF3FFF3FFF3FFF3FFF3FFF3FFF3FFF3F03
:201E0000FF3FFF3FFF3FFF3FFF3FFF3FFF3FFF3FFF3FFF3FFF3FFF3FFF3FFF3FFF3FFF3FE2
:201E2000FF3FFF3FFF3FFF3FFF3FFF3FFF3FFF3FFF3FFF3FFF3FFF3FFF3FFF3FFF3FFF3FC2
:201E4000FF3FFF3FFF3FFF3FFF3FFF3FFF3FFF3FFF3FFF3FFF3FFF3FFF3FFF3FFF3FFF3FA2
:201E6000FF3FFF3FFF3FFF3FFF3FFF3FFF3FFF3FFF3FFF3FFF3FFF3FFF3FFF3FFF3FFF3F82
:201E8000FF3FFF3FFF3FFF3FFF3FFF3FFF3FFF3FFF3FFF3FFF3FFF3FFF3FFF3FFF3FFF3F62
:201EA000FF3FFF3FFF3FFF3FFF3FFF3FFF3FFF3FFF3FFF3FFF3FFF3FFF3FFF3FFF3FFF3F42
:201EC000FF3FFF3FFF3FFF3FFF3FFF3FFF3FFF3FFF3FFF3FFF3FFF3FFF3FFF3FFF3FFF3F22
:201EE000FF3FFF3FFF3FFF3FFF3FFF3FFF3FFF3FFF3FFF3FFF3FFF3FFF3FFF3FFF3FFF3F02
:201F0000FF3FFF3FFF3FFF3FFF3FFF3FFF3FFF3FFF3FFF3FFF3FFF3FFF3FFF3FFF3FFF3FE1
:201F2000FF3FFF3FFF3FFF3FFF3FFF3FFF3FFF3FFF3FFF3FFF3FFF3FFF3FFF3FFF3FFF3FC1
:201F4000FF3FFF3FFF3FFF3FFF3FFF3FFF3FFF3FFF3FFF3FFF3FFF3FFF3FFF3FFF3FFF3FA1
:201F6000FF3FFF3FFF3FFF3FFF3FFF3FFF3FFF3FFF3FFF3FFF3FFF3FFF3FFF3FFF3FFF3F81
:201F8000FF3FFF3FFF3FFF3FFF3FFF3FFF3FFF3FFF3FFF3FFF3FFF3FFF3FFF3FFF3FFF3F61
:201FA000FF3FFF3FFF3FFF3FFF3FFF3FFF3FFF3FFF3FFF3FFF3FFF3FFF3FFF3FFF3FFF3F41
:201FC000FF3FFF3FFF3FFF3FFF3FFF3FFF3FFF3FFF3FFF3FFF3FFF3FFF3FFF3FFF3FFF3F21
:201FE000FF3FFF3FFF3FFF3FFF3FFF3FFF3FFF3FFF3FFF3FFF3FFF3FFF3FFF3FFF3FFF3F01
:20200000FF3FFF3FFF3FFF3FFF3FFF3FFF3FFF3FFF3FFF3FFF3FFF3FFF3FFF3FFF3FFF3FE0
:20202000FF3FFF3FFF3FFF3FFF3FFF3FFF3FFF3FFF3FFF3FFF3FFF3FFF3FFF3FFF3FFF3FC0
:20204000FF3FFF3FFF3FFF3FFF3FFF3FFF3FFF3FFF3FFF3FFF3FFF3FFF3FFF3FFF3FFF3FA0
:20206000FF3FFF3FFF3FFF3FFF3FFF3FFF3FFF3FFF3FFF3FFF3FFF3FFF3FFF3FFF3FFF3F80
:20208000FF3FFF3FFF3FFF3FFF3FFF3FFF3FFF3FFF3FFF3FFF3FFF3FFF3FFF3FFF3FFF3F60
:2020A000FF3FFF3FFF3FFF3FFF3FFF3FFF3FFF3FFF3FFF3FFF3FFF3FFF3FFF3FFF3FFF3F40
:2020C000FF3FFF3FFF3FFF3FFF3FFF3FFF3FFF3FFF3FFF3FFF3FFF3FFF3FFF3FFF3FFF3F20
:2020E000FF3FFF3FFF3FFF3FFF3FFF3FFF3FFF3FFF3FFF3FFF3FFF3FFF3FFF3FFF3FFF3F00
:20210000FF3FFF3FFF3FFF3FFF3FFF3FFF3FFF3FFF3FFF3FFF3FFF3FFF3FFF3FFF3FFF3FDF
:20212000FF3FFF3FFF3FFF3FFF3FFF3FFF3FFF3FFF3FFF3FFF3FFF3FFF3FFF3FFF3FFF3FBF
:20214000FF3FFF3FFF3FFF3FFF3FFF3FFF3FFF3FFF3FFF3FFF3FFF3FFF3FFF3FFF3FFF3F9F
:20216000FF3FFF3FFF3FFF3FFF3FFF3FFF3FFF3FFF3FFF3FFF3FFF3FFF3FFF3FFF3FFF3F7F
:20218000FF3FFF3FFF3FFF3FFF3FFF3FFF3FFF3FFF3FFF3FFF3FFF3FFF3FFF3FFF3FFF3F5F
:2021A000FF3FFF3FFF3FFF3FFF3FFF3FFF3FFF3FFF3FFF3FFF3FFF3FFF3FFF3FFF3FFF3F3F
:2021C000FF3FFF3FFF3FFF3FFF3FFF3FFF3FFF3FFF3FFF3FFF3FFF3FFF3FFF3FFF3FFF3F1F
:2021E000FF3FFF3FFF3FFF3FFF3FFF3FFF3FFF3FFF3FFF3FFF3FFF3FFF3FFF3FFF3FFF3FFF
:20220000FF3FFF3FFF3FFF3FFF3FFF3FFF3FFF3FFF3FFF3FFF3FFF3FFF3FFF3FFF3FFF3FDE
:20222000FF3FFF3FFF3FFF3FFF3FFF3FFF3FFF3FFF3FFF3FFF3FFF3FFF3FFF3FFF3FFF3FBE
:20224000FF3FFF3FFF3FFF3FFF3FFF3FFF3FFF3FFF3FFF3FFF3FFF3FFF3FFF3FFF3FFF3F9E
:20226000FF3FFF3FFF3FFF3FFF3FFF3FFF3FFF3FFF3FFF3FFF3FFF3FFF3FFF3FFF3FFF3F7E
:20228000FF3FFF3FFF3FFF3FFF3FFF3FFF3FFF3FFF3FFF3FFF3FFF3FFF3FFF3FFF3FFF3F5E
:2022A000FF3FFF3FFF3FFF3FFF3FFF3FFF3FFF3FFF3FFF3FFF3FFF3FFF3FFF3FFF3FFF3F3E
:2022C000FF3FFF3FFF3FFF3FFF3FFF3FFF3FFF3FFF3FFF3FFF3FFF3FFF3FFF3FFF3FFF3F1E
:2022E000FF3FFF3FFF3FFF3FFF3FFF3FFF3FFF3FFF3FFF3FFF3FFF3FFF3FFF3FFF3FFF3FFE
:20230000FF3FFF3FFF3FFF3FFF3FFF3FFF3FFF3FFF3FFF3FFF3FFF3FFF3FFF3FFF3FFF3FDD
:20232000FF3FFF3FFF3FFF3FFF3FFF3FFF3FFF3FFF3FFF3FFF3FFF3FFF3FFF3FFF3FFF3FBD
:20234000FF3FFF3FFF3FFF3FFF3FFF3FFF3FFF3FFF3FFF3FFF3FFF3FFF3FFF3FFF3FFF3F9D
:20236000FF3FFF3FFF3FFF3FFF3FFF3FFF3FFF3FFF3FFF3FFF3FFF3FFF3FFF3FFF3FFF3F7D
:20238000FF3FFF3FFF3FFF3FFF3FFF3FFF3FFF3FFF3FFF3FFF3FFF3FFF3FFF3FFF3FFF3F5D
:2023A000FF3FFF3FFF3FFF3FFF3FFF3FFF3FFF3FFF3FFF3FFF3FFF3FFF3FFF3FFF3FFF3F3D
:2023C000FF3FFF3FFF3FFF3FFF3FFF3FFF3FFF3FFF3FFF3FFF3FFF3FFF3FFF3FFF3FFF3F1D
:2023E000FF3FFF3FFF3FFF3FFF3FFF3FFF3FFF3FFF3FFF3FFF3FFF3FFF3FFF3FFF3FFF3FFD
:20240000FF3FFF3FFF3FFF3FFF3FFF3FFF3FFF3FFF3FFF3FFF3FFF3FFF3FFF3FFF3FFF3FDC
:20242000FF3FFF3FFF3FFF3FFF3FFF3FFF3FFF3FFF3FFF3FFF3FFF3FFF3FFF3FFF3FFF3FBC
:20244000FF3FFF3FFF3FFF3FFF3FFF3FFF3FFF3FFF3FFF3FFF3FFF3FFF3FFF3FFF3FFF3F9C
:20246000FF3FFF3FFF3FFF3FFF3FFF3FFF3FFF3FFF3FFF3FFF3FFF3FFF3FFF3FFF3FFF3F7C
:20248000FF3FFF3FFF3FFF3FFF3FFF3FFF3FFF3FFF3FFF3FFF3FFF3FFF3FFF3FFF3FFF3F5C
:2024A000FF3FFF3FFF3FFF3FFF3FFF3FFF3FFF3FFF3FFF3FFF3FFF3FFF3FFF3FFF3FFF3F3C
:2024C000FF3FFF3FFF3FFF3FFF3FFF3FFF3FFF3FFF3FFF3FFF3FFF3FFF3FFF3FFF3FFF3F1C
:2024E000FF3FFF3FFF3FFF3FFF3FFF3FFF3FFF3FFF3FFF3FFF3FFF3FFF3FFF3FFF3FFF3FFC
:20250000FF3FFF3FFF3FFF3FFF3FFF3FFF3FFF3FFF3FFF3FFF3FFF3FFF3FFF3FFF3FFF3FDB
:20252000FF3FFF3FFF3FFF3FFF3FFF3FFF3FFF3FFF3FFF3FFF3FFF3FFF3FFF3FFF3FFF3FBB
:20254000FF3FFF3FFF3FFF3FFF3FFF3FFF3FFF3FFF3FFF3FFF3FFF3FFF3FFF3FFF3FFF3F9B
:20256000FF3FFF3FFF3FFF3FFF3FFF3FFF3FFF3FFF3FFF3FFF3FFF3FFF3FFF3FFF3FFF3F7B
:20258000FF3FFF3FFF3FFF3FFF3FFF3FFF3FFF3FFF3FFF3FFF3FFF3FFF3FFF3FFF3FFF3F5B
:2025A000FF3FFF3FFF3FFF3FFF3FFF3FFF3FFF3FFF3FFF3FFF3FFF3FFF3FFF3FFF3FFF3F3B
:2025C000FF3FFF3FFF3FFF3FFF3FFF3FFF3FFF3FFF3FFF3FFF3FFF3FFF3FFF3FFF3FFF3F1B
:2025E000FF3FFF3FFF3FFF3FFF3FFF3FFF3FFF3FFF3FFF3FFF3FFF3FFF3FFF3FFF3FFF3FFB
:20260000FF3FFF3FFF3FFF3FFF3FFF3FFF3FFF3FFF3FFF3FFF3FFF3FFF3FFF3FFF3FFF3FDA
:20262000FF3FFF3FFF3FFF3FFF3FFF3FFF3FFF3FFF3FFF3FFF3FFF3FFF3FFF3FFF3FFF3FBA
:20264000FF3FFF3FFF3FFF3FFF3FFF3FFF3FFF3FFF3FFF3FFF3FFF3FFF3FFF3FFF3FFF3F9A
:20266000FF3FFF3FFF3FFF3FFF3FFF3FFF3FFF3FFF3FFF3FFF3FFF3FFF3FFF3FFF3FFF3F7A
:20268000FF3FFF3FFF3FFF3FFF3FFF3FFF3FFF3FFF3FFF3FFF3FFF3FFF3FFF3FFF3FFF3F5A
:2026A000FF3FFF3FFF3FFF3FFF3FFF3FFF3FFF3FFF3FFF3FFF3FFF3FFF3FFF3FFF3FFF3F3A
:2026C000FF3FFF3FFF3FFF3FFF3FFF3FFF3FFF3FFF3FFF3FFF3FFF3FFF3FFF3FFF3FFF3F1A
:2026E000FF3FFF3FFF3FFF3FFF3FFF3FFF3FFF3FFF3FFF3FFF3FFF3FFF3FFF3FFF3FFF3FFA
:20270000FF3FFF3FFF3FFF3FFF3FFF3FFF3FFF3FFF3FFF3FFF3FFF3FFF3FFF3FFF3FFF3FD9
:20272000FF3FFF3FFF3FFF3FFF3FFF3FFF3FFF3FFF3FFF3FFF3FFF3FFF3FFF3FFF3FFF3FB9
:20274000FF3FFF3FFF3FFF3FFF3FFF3FFF3FFF3FFF3FFF3FFF3FFF3FFF3FFF3FFF3FFF3F99
:20276000FF3FFF3FFF3FFF3FFF3FFF3FFF3FFF3FFF3FFF3FFF3FFF3FFF3FFF3FFF3FFF3F79
:20278000FF3FFF3FFF3FFF3FFF3FFF3FFF3FFF3FFF3FFF3FFF3FFF3FFF3FFF3FFF3FFF3F59
:2027A000FF3FFF3FFF3FFF3FFF3FFF3FFF3FFF3FFF3FFF3FFF3FFF3FFF3FFF3FFF3FFF3F39
:2027C000FF3FFF3FFF3FFF3FFF3FFF3FFF3FFF3FFF3FFF3FFF3FFF3FFF3FFF3FFF3FFF3F19
:2027E000FF3FFF3FFF3FFF3FFF3FFF3FFF3FFF3FFF3FFF3FFF3FFF3FFF3FFF3FFF3FFF3FF9
:20280000FF3FFF3FFF3FFF3FFF3FFF3FFF3FFF3FFF3FFF3FFF3FFF3FFF3FFF3FFF3FFF3FD8
:20282000FF3FFF3FFF3FFF3FFF3FFF3FFF3FFF3FFF3FFF3FFF3FFF3FFF3FFF3FFF3FFF3FB8
:20284000FF3FFF3FFF3FFF3FFF3FFF3FFF3FFF3FFF3FFF3FFF3FFF3FFF3FFF3FFF3FFF3F98
:20286000FF3FFF3FFF3FFF3FFF3FFF3FFF3FFF3FFF3FFF3FFF3FFF3FFF3FFF3FFF3FFF3F78
:20288000FF3FFF3FFF3FFF3FFF3FFF3FFF3FFF3FFF3FFF3FFF3FFF3FFF3FFF3FFF3FFF3F58
:2028A000FF3FFF3FFF3FFF3FFF3FFF3FFF3FFF3FFF3FFF3FFF3FFF3FFF3FFF3FFF3FFF3F38
:2028C000FF3FFF3FFF3FFF3FFF3FFF3FFF3FFF3FFF3FFF3FFF3FFF3FFF3FFF3FFF3FFF3F18
:2028E000FF3FFF3FFF3FFF3FFF3FFF3FFF3FFF3FFF3FFF3FFF3FFF3FFF3FFF3FFF3FFF3FF8
:20290000FF3FFF3FFF3FFF3FFF3FFF3FFF3FFF3FFF3FFF3FFF3FFF3FFF3FFF3FFF3FFF3FD7
:20292000FF3FFF3FFF3FFF3FFF3FFF3FFF3FFF3FFF3FFF3FFF3FFF3FFF3FFF3FFF3FFF3FB7
:20294000FF3FFF3FFF3FFF3FFF3FFF3FFF3FFF3FFF3FFF3FFF3FFF3FFF3FFF3FFF3FFF3F97
:20296000FF3FFF3FFF3FFF3FFF3FFF3FFF3FFF3FFF3FFF3FFF3FFF3FFF3FFF3FFF3FFF3F77
:20298000FF3FFF3FFF3FFF3FFF3FFF3FFF3FFF3FFF3FFF3FFF3FFF3FFF3FFF3FFF3FFF3F57
:2029A000FF3FFF3FFF3FFF3FFF3FFF3FFF3FFF3FFF3FFF3FFF3FFF3FFF3FFF3FFF3FFF3F37
:2029C000FF3FFF3FFF3FFF3FFF3FFF3FFF3FFF3FFF3FFF3FFF3FFF3FFF3FFF3FFF3FFF3F17
:2029E000FF3FFF3FFF3FFF3FFF3FFF3FFF3FFF3FFF3FFF3FFF3FFF3FFF3FFF3FFF3FFF3FF7
:202A0000FF3FFF3FFF3FFF3FFF3FFF3FFF3FFF3FFF3FFF3FFF3FFF3FFF3FFF3FFF3FFF3FD6
:202A2000FF3FFF3FFF3FFF3FFF3FFF3FFF3FFF3FFF3FFF3FFF3FFF3FFF3FFF3FFF3FFF3FB6
:202A4000FF3FFF3FFF3FFF3FFF3FFF3FFF3FFF3FFF3FFF3FFF3FFF3FFF3FFF3FFF3FFF3F96
:202A6000FF3FFF3FFF3FFF3FFF3FFF3FFF3FFF3FFF3FFF3FFF3FFF3FFF3FFF3FFF3FFF3F76
:202A8000FF3FFF3FFF3FFF3FFF3FFF3FFF3FFF3FFF3FFF3FFF3FFF3FFF3FFF3FFF3FFF3F56
:202AA000FF3FFF3FFF3FFF3FFF3FFF3FFF3FFF3FFF3FFF3FFF3FFF3FFF3FFF3FFF3FFF3F36
:202AC000FF3FFF3FFF3FFF3FFF3FFF3FFF3FFF3FFF3FFF3FFF3FFF3FFF3FFF3FFF3FFF3F16
:202AE000FF3FFF3FFF3FFF3FFF3FFF3FFF3FFF3FFF3FFF3FFF3FFF3FFF3FFF3FFF3FFF3FF6
:202B0000FF3FFF3FFF3FFF3FFF3FFF3FFF3FFF3FFF3FFF3FFF3FFF3FFF3FFF3FFF3FFF3FD5
:202B2000FF3FFF3FFF3FFF3FFF3FFF3FFF3FFF3FFF3FFF3FFF3FFF3FFF3FFF3FFF3FFF3FB5
:202B4000FF3FFF3FFF3FFF3FFF3FFF3FFF3FFF3FFF3FFF3FFF3FFF3FFF3FFF3FFF3FFF3F95
:202B6000FF3FFF3FFF3FFF3FFF3FFF3FFF3FFF3FFF3FFF3FFF3FFF3FFF3FFF3FFF3FFF3F75
:202B8000FF3FFF3FFF3FFF3FFF3FFF3FFF3FFF3FFF3FFF3FFF3FFF3FFF3FFF3FFF3FFF3F55
:202BA000FF3FFF3FFF3FFF3FFF3FFF3FFF3FFF3FFF3FFF3FFF3FFF3FFF3FFF3FFF3FFF3F35
:202BC000FF3FFF3FFF3FFF3FFF3FFF3FFF3FFF3FFF3FFF3FFF3FFF3FFF3FFF3FFF3FFF3F15
:202BE000FF3FFF3FFF3FFF3FFF3FFF3FFF3FFF3FFF3FFF3FFF3FFF3FFF3FFF3FFF3FFF3FF5
:202C0000FF3FFF3FFF3FFF3FFF3FFF3FFF3FFF3FFF3FFF3FFF3FFF3FFF3FFF3FFF3FFF3FD4
:202C2000FF3FFF3FFF3FFF3FFF3FFF3FFF3FFF3FFF3FFF3FFF3FFF3FFF3FFF3FFF3FFF3FB4
:202C4000FF3FFF3FFF3FFF3FFF3FFF3FFF3FFF3FFF3FFF3FFF3FFF3FFF3FFF3FFF3FFF3F94
:202C6000FF3FFF3FFF3FFF3FFF3FFF3FFF3FFF3FFF3FFF3FFF3FFF3FFF3FFF3FFF3FFF3F74
:202C8000FF3FFF3FFF3FFF3FFF3FFF3FFF3FFF3FFF3FFF3FFF3FFF3FFF3FFF3FFF3FFF3F54
:202CA000FF3FFF3FFF3FFF3FFF3FFF3FFF3FFF3FFF3FFF3FFF3FFF3FFF3FFF3FFF3FFF3F34
:202CC000FF3FFF3FFF3FFF3FFF3FFF3FFF3FFF3FFF3FFF3FFF3FFF3FFF3FFF3FFF3FFF3F14
:202CE000FF3FFF3FFF3FFF3FFF3FFF3FFF3FFF3FFF3FFF3FFF3FFF3FFF3FFF3FFF3FFF3FF4
:202D0000FF3FFF3FFF3FFF3FFF3FFF3FFF3FFF3FFF3FFF3FFF3FFF3FFF3FFF3FFF3FFF3FD3
:202D2000FF3FFF3FFF3FFF3FFF3FFF3FFF3FFF3FFF3FFF3FFF3FFF3FFF3FFF3FFF3FFF3FB3
:202D4000FF3FFF3FFF3FFF3FFF3FFF3FFF3FFF3FFF3FFF3FFF3FFF3FFF3FFF3FFF3FFF3F93
:202D6000FF3FFF3FFF3FFF3FFF3FFF3FFF3FFF3FFF3FFF3FFF3FFF3FFF3FFF3FFF3FFF3F73
:202D8000FF3FFF3FFF3FFF3FFF3FFF3FFF3FFF3FFF3FFF3FFF3FFF3FFF3FFF3FFF3FFF3F53
:202DA000FF3FFF3FFF3FFF3FFF3FFF3FFF3FFF3FFF3FFF3FFF3FFF3FFF3FFF3FFF3FFF3F33
:202DC000FF3FFF3FFF3FFF3FFF3FFF3FFF3FFF3FFF3FFF3FFF3FFF3FFF3FFF3FFF3FFF3F13
:202DE000FF3FFF3FFF3FFF3FFF3FFF3FFF3FFF3FFF3FFF3FFF3FFF3FFF3FFF3FFF3FFF3FF3
:202E0000FF3FFF3FFF3FFF3FFF3FFF3FFF3FFF3FFF3FFF3FFF3FFF3FFF3FFF3FFF3FFF3FD2
:202E2000FF3FFF3FFF3FFF3FFF3FFF3FFF3FFF3FFF3FFF3FFF3FFF3FFF3FFF3FFF3FFF3FB2
:202E4000FF3FFF3FFF3FFF3FFF3FFF3FFF3FFF3FFF3FFF3FFF3FFF3FFF3FFF3FFF3FFF3F92
:202E6000FF3FFF3FFF3FFF3FFF3FFF3FFF3FFF3FFF3FFF3FFF3FFF3FFF3FFF3FFF3FFF3F72
:202E8000FF3FFF3FFF3FFF3FFF3FFF3FFF3FFF3FFF3FFF3FFF3FFF3FFF3FFF3FFF3FFF3F52
:202EA000FF3FFF3FFF3FFF3FFF3FFF3FFF3FFF3FFF3FFF3FFF3FFF3FFF3FFF3FFF3FFF3F32
:202EC000FF3FFF3FFF3FFF3FFF3FFF3FFF3FFF3FFF3FFF3FFF3FFF3FFF3FFF3FFF3FFF3F12
:202EE000FF3FFF3FFF3FFF3FFF3FFF3FFF3FFF3FFF3FFF3FFF3FFF3FFF3FFF3FFF3FFF3FF2
:202F0000FF3FFF3FFF3FFF3FFF3FFF3FFF3FFF3FFF3FFF3FFF3FFF3FFF3FFF3FFF3FFF3FD1
:202F2000FF3FFF3FFF3FFF3FFF3FFF3FFF3FFF3FFF3FFF3FFF3FFF3FFF3FFF3FFF3FFF3FB1
:202F4000FF3FFF3FFF3FFF3FFF3FFF3FFF3FFF3FFF3FFF3FFF3FFF3FFF3FFF3FFF3FFF3F91
:202F6000FF3FFF3FFF3FFF3FFF3FFF3FFF3FFF3FFF3FFF3FFF3FFF3FFF3FFF3FFF3FFF3F71
:202F8000FF3FFF3FFF3FFF3FFF3FFF3FFF3FFF3FFF3FFF3FFF3FFF3FFF3FFF3FFF3FFF3F51
:202FA000FF3FFF3FFF3FFF3FFF3FFF3FFF3FFF3FFF3FFF3FFF3FFF3FFF3FFF3FFF3FFF3F31
:202FC000FF3FFF3FFF3FFF3FFF3FFF3FFF3FFF3FFF3FFF3FFF3FFF3FFF3FFF3FFF3FFF3F11
:202FE000FF3FFF3FFF3FFF3FFF3FFF3FFF3FFF3FFF3FFF3FFF3FFF3FFF3FFF3FFF3FFF3FF1
:20300000FF3FFF3FFF3FFF3FFF3FFF3FFF3FFF3FFF3FFF3FFF3FFF3FFF3FFF3FFF3FFF3FD0
:20302000FF3FFF3FFF3FFF3FFF3FFF3FFF3FFF3FFF3FFF3FFF3FFF3FFF3FFF3FFF3FFF3FB0
:20304000FF3FFF3FFF3FFF3FFF3FFF3FFF3FFF3FFF3FFF3FFF3FFF3FFF3FFF3FFF3FFF3F90
:20306000FF3FFF3FFF3FFF3FFF3FFF3FFF3FFF3FFF3FFF3FFF3FFF3FFF3FFF3FFF3FFF3F70
:20308000FF3FFF3FFF3FFF3FFF3FFF3FFF3FFF3FFF3FFF3FFF3FFF3FFF3FFF3FFF3FFF3F50
:2030A000FF3FFF3FFF3FFF3FFF3FFF3FFF3FFF3FFF3FFF3FFF3FFF3FFF3FFF3FFF3FFF3F30
:2030C000FF3FFF3FFF3FFF3FFF3FFF3FFF3FFF3FFF3FFF3FFF3FFF3FFF3FFF3FFF3FFF3F10
:2030E000FF3FFF3FFF3FFF3FFF3FFF3FFF3FFF3FFF3FFF3FFF3FFF3FFF3FFF3FFF3FFF3FF0
:20310000FF3FFF3FFF3FFF3FFF3FFF3FFF3FFF3FFF3FFF3FFF3FFF3FFF3FFF3FFF3FFF3FCF
:20312000FF3FFF3FFF3FFF3FFF3FFF3FFF3FFF3FFF3FFF3FFF3FFF3FFF3FFF3FFF3FFF3FAF
:20314000FF3FFF3FFF3FFF3FFF3FFF3FFF3FFF3FFF3FFF3FFF3FFF3FFF3FFF3FFF3FFF3F8F
:20316000FF3FFF3FFF3FFF3FFF3FFF3FFF3FFF3FFF3FFF3FFF3FFF3FFF3FFF3FFF3FFF3F6F
:20318000FF3FFF3FFF3FFF3FFF3FFF3FFF3FFF3FFF3FFF3FFF3FFF3FFF3FFF3FFF3FFF3F4F
:2031A000FF3FFF3FFF3FFF3FFF3FFF3FFF3FFF3FFF3FFF3FFF3FFF3FFF3FFF3FFF3FFF3F2F
:2031C000FF3FFF3FFF3FFF3FFF3FFF3FFF3FFF3FFF3FFF3FFF3FFF3FFF3FFF3FFF3FFF3F0F
:2031E000FF3FFF3FFF3FFF3FFF3FFF3FFF3FFF3FFF3FFF3FFF3FFF3FFF3FFF3FFF3FFF3FEF
:20320000FF3FFF3FFF3FFF3FFF3FFF3FFF3FFF3FFF3FFF3FFF3FFF3FFF3FFF3FFF3FFF3FCE
:20322000FF3FFF3FFF3FFF3FFF3FFF3FFF3FFF3FFF3FFF3FFF3FFF3FFF3FFF3FFF3FFF3FAE
:20324000FF3FFF3FFF3FFF3FFF3FFF3FFF3FFF3FFF3FFF3FFF3FFF3FFF3FFF3FFF3FFF3F8E
:20326000FF3FFF3FFF3FFF3FFF3FFF3FFF3FFF3FFF3FFF3FFF3FFF3FFF3FFF3FFF3FFF3F6E
:20328000FF3FFF3FFF3FFF3FFF3FFF3FFF3FFF3FFF3FFF3FFF3FFF3FFF3FFF3FFF3FFF3F4E
:2032A000FF3FFF3FFF3FFF3FFF3FFF3FFF3FFF3FFF3FFF3FFF3FFF3FFF3FFF3FFF3FFF3F2E
:2032C000FF3FFF3FFF3FFF3FFF3FFF3FFF3FFF3FFF3FFF3FFF3FFF3FFF3FFF3FFF3FFF3F0E
:2032E000FF3FFF3FFF3FFF3FFF3FFF3FFF3FFF3FFF3FFF3FFF3FFF3FFF3FFF3FFF3FFF3FEE
:20330000FF3FFF3FFF3FFF3FFF3FFF3FFF3FFF3FFF3FFF3FFF3FFF3FFF3FFF3FFF3FFF3FCD
:20332000FF3FFF3FFF3FFF3FFF3FFF3FFF3FFF3FFF3FFF3FFF3FFF3FFF3FFF3FFF3FFF3FAD
:20334000FF3FFF3FFF3FFF3FFF3FFF3FFF3FFF3FFF3FFF3FFF3FFF3FFF3FFF3FFF3FFF3F8D
:20336000FF3FFF3FFF3FFF3FFF3FFF3FFF3FFF3FFF3FFF3FFF3FFF3FFF3FFF3FFF3FFF3F6D
:20338000FF3FFF3FFF3FFF3FFF3FFF3FFF3FFF3FFF3FFF3FFF3FFF3FFF3FFF3FFF3FFF3F4D
:2033A000FF3FFF3FFF3FFF3FFF3FFF3FFF3FFF3FFF3FFF3FFF3FFF3FFF3FFF3FFF3FFF3F2D
:2033C000FF3FFF3FFF3FFF3FFF3FFF3FFF3FFF3FFF3FFF3FFF3FFF3FFF3FFF3FFF3FFF3F0D
:2033E000FF3FFF3FFF3FFF3FFF3FFF3FFF3FFF3FFF3FFF3FFF3FFF3FFF3FFF3FFF3FFF3FED
:20340000FF3FFF3FFF3FFF3FFF3FFF3FFF3FFF3FFF3FFF3FFF3FFF3FFF3FFF3FFF3FFF3FCC
:20342000FF3FFF3FFF3FFF3FFF3FFF3FFF3FFF3FFF3FFF3FFF3FFF3FFF3FFF3FFF3FFF3FAC
:20344000FF3FFF3FFF3FFF3FFF3FFF3FFF3FFF3FFF3FFF3FFF3FFF3FFF3FFF3FFF3FFF3F8C
:20346000FF3FFF3FFF3FFF3FFF3FFF3FFF3FFF3FFF3FFF3FFF3FFF3FFF3FFF3FFF3FFF3F6C
:20348000FF3FFF3FFF3FFF3FFF3FFF3FFF3FFF3FFF3FFF3FFF3FFF3FFF3FFF3FFF3FFF3F4C
:2034A000FF3FFF3FFF3FFF3FFF3FFF3FFF3FFF3FFF3FFF3FFF3FFF3FFF3FFF3FFF3FFF3F2C
:2034C000FF3FFF3FFF3FFF3FFF3FFF3FFF3FFF3FFF3FFF3FFF3FFF3FFF3FFF3FFF3FFF3F0C
:2034E000FF3FFF3FFF3FFF3FFF3FFF3FFF3FFF3FFF3FFF3FFF3FFF3FFF3FFF3FFF3FFF3FEC
:20350000FF3FFF3FFF3FFF3FFF3FFF3FFF3FFF3FFF3FFF3FFF3FFF3FFF3FFF3FFF3FFF3FCB
:20352000FF3FFF3FFF3FFF3FFF3FFF3FFF3FFF3FFF3FFF3FFF3FFF3FFF3FFF3FFF3FFF3FAB
:20354000FF3FFF3FFF3FFF3FFF3FFF3FFF3FFF3FFF3FFF3FFF3FFF3FFF3FFF3FFF3FFF3F8B
:20356000FF3FFF3FFF3FFF3FFF3FFF3FFF3FFF3FFF3FFF3FFF3FFF3FFF3FFF3FFF3FFF3F6B
:20358000FF3FFF3FFF3FFF3FFF3FFF3FFF3FFF3FFF3FFF3FFF3FFF3FFF3FFF3FFF3FFF3F4B
:2035A000FF3FFF3FFF3FFF3FFF3FFF3FFF3FFF3FFF3FFF3FFF3FFF3FFF3FFF3FFF3FFF3F2B
:2035C000FF3FFF3FFF3FFF3FFF3FFF3FFF3FFF3FFF3FFF3FFF3FFF3FFF3FFF3FFF3FFF3F0B
:2035E000FF3FFF3FFF3FFF3FFF3FFF3FFF3FFF3FFF3FFF3FFF3FFF3FFF3FFF3FFF3FFF3FEB
:20360000FF3FFF3FFF3FFF3FFF3FFF3FFF3FFF3FFF3FFF3FFF3FFF3FFF3FFF3FFF3FFF3FCA
:20362000FF3FFF3FFF3FFF3FFF3FFF3FFF3FFF3FFF3FFF3FFF3FFF3FFF3FFF3FFF3FFF3FAA
:20364000FF3FFF3FFF3FFF3FFF3FFF3FFF3FFF3FFF3FFF3FFF3FFF3FFF3FFF3FFF3FFF3F8A
:20366000FF3FFF3FFF3FFF3FFF3FFF3FFF3FFF3FFF3FFF3FFF3FFF3FFF3FFF3FFF3FFF3F6A
:20368000FF3FFF3FFF3FFF3FFF3FFF3FFF3FFF3FFF3FFF3FFF3FFF3FFF3FFF3FFF3FFF3F4A
:2036A000FF3FFF3FFF3FFF3FFF3FFF3FFF3FFF3FFF3FFF3FFF3FFF3FFF3FFF3FFF3FFF3F2A
:2036C000FF3FFF3FFF3FFF3FFF3FFF3FFF3FFF3FFF3FFF3FFF3FFF3FFF3FFF3FFF3FFF3F0A
:2036E000FF3FFF3FFF3FFF3FFF3FFF3FFF3FFF3FFF3FFF3FFF3FFF3FFF3FFF3FFF3FFF3FEA
:20370000FF3FFF3FFF3FFF3FFF3FFF3FFF3FFF3FFF3FFF3FFF3FFF3FFF3FFF3FFF3FFF3FC9
:20372000FF3FFF3FFF3FFF3FFF3FFF3FFF3FFF3FFF3FFF3FFF3FFF3FFF3FFF3FFF3FFF3FA9
:20374000FF3FFF3FFF3FFF3FFF3FFF3FFF3FFF3FFF3FFF3FFF3FFF3FFF3FFF3FFF3FFF3F89
:20376000FF3FFF3FFF3FFF3FFF3FFF3FFF3FFF3FFF3FFF3FFF3FFF3FFF3FFF3FFF3FFF3F69
:20378000FF3FFF3FFF3FFF3FFF3FFF3FFF3FFF3FFF3FFF3FFF3FFF3FFF3FFF3FFF3FFF3F49
:2037A000FF3FFF3FFF3FFF3FFF3FFF3FFF3FFF3FFF3FFF3FFF3FFF3FFF3FFF3FFF3FFF3F29
:2037C000FF3FFF3FFF3FFF3FFF3FFF3FFF3FFF3FFF3FFF3FFF3FFF3FFF3FFF3FFF3FFF3F09
:2037E000FF3FFF3FFF3FFF3FFF3FFF3FFF3FFF3FFF3FFF3FFF3FFF3FFF3FFF3FFF3FFF3FE9
:20380000FF3FFF3FFF3FFF3FFF3FFF3FFF3FFF3FFF3FFF3FFF3FFF3FFF3FFF3FFF3FFF3FC8
:20382000FF3FFF3FFF3FFF3FFF3FFF3FFF3FFF3FFF3FFF3FFF3FFF3FFF3FFF3FFF3FFF3FA8
:20384000FF3FFF3FFF3FFF3FFF3FFF3FFF3FFF3FFF3FFF3FFF3FFF3FFF3FFF3FFF3FFF3F88
:20386000FF3FFF3FFF3FFF3FFF3FFF3FFF3FFF3FFF3FFF3FFF3FFF3FFF3FFF3FFF3FFF3F68
:20388000FF3FFF3FFF3FFF3FFF3FFF3FFF3FFF3FFF3FFF3FFF3FFF3FFF3FFF3FFF3FFF3F48
:2038A000FF3FFF3FFF3FFF3FFF3FFF3FFF3FFF3FFF3FFF3FFF3FFF3FFF3FFF3FFF3FFF3F28
:2038C000FF3FFF3FFF3FFF3FFF3FFF3FFF3FFF3FFF3FFF3FFF3FFF3FFF3FFF3FFF3FFF3F08
:2038E000FF3FFF3FFF3FFF3FFF3FFF3FFF3FFF3FFF3FFF3FFF3FFF3FFF3FFF3FFF3FFF3FE8
:20390000FF3FFF3FFF3FFF3FFF3FFF3FFF3FFF3FFF3FFF3FFF3FFF3FFF3FFF3FFF3FFF3FC7
:20392000FF3FFF3FFF3FFF3FFF3FFF3FFF3FFF3FFF3FFF3FFF3FFF3FFF3FFF3FFF3FFF3FA7
:20394000FF3FFF3FFF3FFF3FFF3FFF3FFF3FFF3FFF3FFF3FFF3FFF3FFF3FFF3FFF3FFF3F87
:20396000FF3FFF3FFF3FFF3FFF3FFF3FFF3FFF3FFF3FFF3FFF3FFF3FFF3FFF3FFF3FFF3F67
:20398000FF3FFF3FFF3FFF3FFF3FFF3FFF3FFF3FFF3FFF3FFF3FFF3FFF3FFF3FFF3FFF3F47
:2039A000FF3FFF3FFF3FFF3FFF3FFF3FFF3FFF3FFF3FFF3FFF3FFF3FFF3FFF3FFF3FFF3F27
:2039C000FF3FFF3FFF3FFF3FFF3FFF3FFF3FFF3FFF3FFF3FFF3FFF3FFF3FFF3FFF3FFF3F07
:2039E000FF3FFF3FFF3FFF3FFF3FFF3FFF3FFF3FFF3FFF3FFF3FFF3FFF3FFF3FFF3FFF3FE7
:203A0000FF3FFF3FFF3FFF3FFF3FFF3FFF3FFF3FFF3FFF3FFF3FFF3FFF3FFF3FFF3FFF3FC6
:203A2000FF3FFF3FFF3FFF3FFF3FFF3FFF3FFF3FFF3FFF3FFF3FFF3FFF3FFF3FFF3FFF3FA6
:203A4000FF3FFF3FFF3FFF3FFF3FFF3FFF3FFF3FFF3FFF3FFF3FFF3FFF3FFF3FFF3FFF3F86
:203A6000FF3FFF3FFF3FFF3FFF3FFF3FFF3FFF3FFF3FFF3FFF3FFF3FFF3FFF3FFF3FFF3F66
:203A8000FF3FFF3FFF3FFF3FFF3FFF3FFF3FFF3FFF3FFF3FFF3FFF3FFF3FFF3FFF3FFF3F46
:203AA000FF3FFF3FFF3FFF3FFF3FFF3FFF3FFF3FFF3FFF3FFF3FFF3FFF3FFF3FFF3FFF3F26
:203AC000FF3FFF3FFF3FFF3FFF3FFF3FFF3FFF3FFF3FFF3FFF3FFF3FFF3FFF3FFF3FFF3F06
:203AE000FF3FFF3FFF3FFF3FFF3FFF3FFF3FFF3FFF3FFF3FFF3FFF3FFF3FFF3FFF3FFF3FE6
:203B0000FF3FFF3FFF3FFF3FFF3FFF3FFF3FFF3FFF3FFF3FFF3FFF3FFF3FFF3FFF3FFF3FC5
:203B2000FF3FFF3FFF3FFF3FFF3FFF3FFF3FFF3FFF3FFF3FFF3FFF3FFF3FFF3FFF3FFF3FA5
:203B4000FF3FFF3FFF3FFF3FFF3FFF3FFF3FFF3FFF3FFF3FFF3FFF3FFF3FFF3FFF3FFF3F85
:203B6000FF3FFF3FFF3FFF3FFF3FFF3FFF3FFF3FFF3FFF3FFF3FFF3FFF3FFF3FFF3FFF3F65
:203B8000FF3FFF3FFF3FFF3FFF3FFF3FFF3FFF3FFF3FFF3FFF3FFF3FFF3FFF3FFF3FFF3F45
:203BA000FF3FFF3FFF3FFF3FFF3FFF3FFF3FFF3FFF3FFF3FFF3FFF3FFF3FFF3FFF3FFF3F25
:203BC000FF3FFF3FFF3FFF3FFF3FFF3FFF3FFF3FFF3FFF3FFF3FFF3FFF3FFF3FFF3FFF3F05
:203BE000FF3FFF3FFF3FFF3FFF3FFF3FFF3FFF3FFF3FFF3FFF3FFF3FFF3FFF3FFF3FFF3FE5
:203C0000FF3FFF3FFF3FFF3FFF3FFF3FFF3FFF3FFF3FFF3FFF3FFF3FFF3FFF3FFF3FFF3FC4
:203C2000FF3FFF3FFF3FFF3FFF3FFF3FFF3FFF3FFF3FFF3FFF3FFF3FFF3FFF3FFF3FFF3FA4
:203C4000FF3FFF3FFF3FFF3FFF3FFF3FFF3FFF3FFF3FFF3FFF3FFF3FFF3FFF3FFF3FFF3F84
:203C6000FF3FFF3FFF3FFF3FFF3FFF3FFF3FFF3FFF3FFF3FFF3FFF3FFF3FFF3FFF3FFF3F64
:203C8000FF3FFF3FFF3FFF3FFF3FFF3FFF3FFF3FFF3FFF3FFF3FFF3FFF3FFF3FFF3FFF3F44
:203CA000FF3FFF3FFF3FFF3FFF3FFF3FFF3FFF3FFF3FFF3FFF3FFF3FFF3FFF3FFF3FFF3F24
:203CC000FF3FFF3FFF3FFF3FFF3FFF3FFF3FFF3FFF3FFF3FFF3FFF3FFF3FFF3FFF3FFF3F04
:203CE000FF3FFF3FFF3FFF3FFF3FFF3FFF3FFF3FFF3FFF3FFF3FFF3FFF3FFF3FFF3FFF3FE4
:203D0000FF3FFF3FFF3FFF3FFF3FFF3FFF3FFF3FFF3FFF3FFF3FFF3FFF3FFF3FFF3FFF3FC3
:203D2000FF3FFF3FFF3FFF3FFF3FFF3FFF3FFF3FFF3FFF3FFF3FFF3FFF3FFF3FFF3FFF3FA3
:203D4000FF3FFF3FFF3FFF3FFF3FFF3FFF3FFF3FFF3FFF3FFF3FFF3FFF3FFF3FFF3FFF3F83
:203D6000FF3FFF3FFF3FFF3FFF3FFF3FFF3FFF3FFF3FFF3FFF3FFF3FFF3FFF3FFF3FFF3F63
:203D8000FF3FFF3FFF3FFF3FFF3FFF3FFF3FFF3FFF3FFF3FFF3FFF3FFF3FFF3FFF3FFF3F43
:203DA000FF3FFF3FFF3FFF3FFF3FFF3FFF3FFF3FFF3FFF3FFF3FFF3FFF3FFF3FFF3FFF3F23
:203DC000FF3FFF3FFF3FFF3FFF3FFF3FFF3FFF3FFF3FFF3FFF3FFF3FFF3FFF3FFF3FFF3F03
:203DE000FF3FFF3FFF3FFF3FFF3FFF3FFF3FFF3FFF3FFF3FFF3FFF3FFF3FFF3FFF3FFF3FE3
:203E0000FF3FFF3FFF3FFF3FFF3FFF3FFF3FFF3FFF3FFF3FFF3FFF3FFF3FFF3FFF3FFF3FC2
:203E2000FF3FFF3FFF3FFF3FFF3FFF3FFF3FFF3FFF3FFF3FFF3FFF3FFF3FFF3FFF3FFF3FA2
:203E4000FF3FFF3FFF3FFF3FFF3FFF3FFF3FFF3FFF3FFF3FFF3FFF3FFF3FFF3FFF3FFF3F82
:203E6000FF3FFF3FFF3FFF3FFF3FFF3FFF3FFF3FFF3FFF3FFF3FFF3FFF3FFF3FFF3FFF3F62
:203E8000FF3FFF3FFF3FFF3FFF3FFF3FFF3FFF3FFF3FFF3FFF3FFF3FFF3FFF3FFF3FFF3F42
:203EA000FF3FFF3FFF3FFF3FFF3FFF3FFF3FFF3FFF3FFF3FFF3FFF3FFF3FFF3FFF3FFF3F22
:203EC000FF3FFF3FFF3FFF3FFF3FFF3FFF3FFF3FFF3FFF3FFF3FFF3FFF3FFF3FFF3FFF3F02
:203EE000FF3FFF3FFF3FFF3FFF3FFF3FFF3FFF3FFF3FFF3FFF3FFF3FFF3FFF3FFF3FFF3FE2
:203F0000FF3FFF3FFF3FFF3FFF3FFF3FFF3FFF3FFF3FFF3FFF3FFF3FFF3FFF3FFF3FFF3FC1
:203F2000FF3FFF3FFF3FFF3FFF3FFF3FFF3FFF3FFF3FFF3FFF3FFF3FFF3FFF3FFF3FFF3FA1
:203F4000FF3FFF3FFF3FFF3FFF3FFF3FFF3FFF3FFF3FFF3FFF3FFF3FFF3FFF3FFF3FFF3F81
:203F6000FF3FFF3FFF3FFF3FFF3FFF3FFF3FFF3FFF3FFF3FFF3FFF3FFF3FFF3FFF3FFF3F61
:203F8000FF3FFF3FFF3FFF3FFF3FFF3FFF3FFF3FFF3FFF3FFF3FFF3FFF3FFF3FFF3FFF3F41
:203FA000FF3FFF3FFF3FFF3FFF3FFF3FFF3FFF3FFF3FFF3FFF3FFF3FFF3FFF3FFF3FFF3F21
:203FC000FF3FFF3FFF3FFF3FFF3FFF3FFF3FFF3FFF3FFF3FFF3FFF3FFF3FFF3FFF3FFF3F01
:203FE000FF3FFF3FFF3FFF3FFF3FFF3FFF3FFF3FFF3FFF3FFF3FFF3FFF3FFF3FFF3FFF3FE1
:204000000000000000000000000000000000000000000000000000000000000000000000A0
:20402000000000000000000000000000000000000000000000000000000000000000000080
:20404000000000000000000000000000000000000000000000000000000000000000000060
:20406000000000000000000000000000000000000000000000000000000000000000000040
:20408000000000000000000000000000000000000000000000000000000000000000000020
:2040A000000000000000000000000000000000000000000000000000000000000000000000
:2040C0000000000000000000000000000000000000000000000000000000000000000000E0
:2040E0000000000000000000000000000000000000000000000000000000000000000000C0
:2041000000000000000000000000000000000000000000000000000000000000000000009F
:2041200000000000000000000000000000000000000000000000000000000000000000007F
:2041400000000000000000000000000000000000000000000000000000000000000000005F
:2041600000000000000000000000000000000000000000000000000000000000000000003F
:2041800000000000000000000000000000000000000000000000000000000000000000001F
:2041A0000000000000000000000000000000000000000000000000000000000000000000FF
:2041C0000000000000000000000000000000000000000000000000000000000000000000DF
:2041E0000000000000000000000000000000000000000000000000000000000000000000BF
:2042000000000000000000000000000000000000000000000000000000000000000000009E
:2042200000000000000000000000000000000000000000000000000000000000000000007E
:2042400000000000000000000000000000000000000000000000000000000000000000005E
:2042600000000000000000000000000000000000000000000000000000000000000000003E
:2042800000000000000000000000000000000000000000000000000000000000000000001E
:2042A0000000000000000000000000000000000000000000000000000000000000000000FE
:2042C0000000000000000000000000000000000000000000000000000000000000000000DE
:2042E0000000000000000000000000000000000000000000000000000000000000000000BE
:2043000000000000000000000000000000000000000000000000000000000000000000009D
:2043200000000000000000000000000000000000000000000000000000000000000000007D
:2043400000000000000000000000000000000000000000000000000000000000000000005D
:2043600000000000000000000000000000000000000000000000000000000000000000003D
:2043800000000000000000000000000000000000000000000000000000000000000000001D
:2043A0000000000000000000000000000000000000000000000000000000000000000000FD
:2043C0000000000000000000000000000000000000000000000000000000000000000000DD
:2043E0000000000000000000000000000000000000000000000000000000000000000000BD
:2044000000000000000000000000000000000000000000000000000000000000000000009C
:2044200000000000000000000000000000000000000000000000000000000000000000007C
:2044400000000000000000000000000000000000000000000000000000000000000000005C
:2044600000000000000000000000000000000000000000000000000000000000000000003C
:2044800000000000000000000000000000000000000000000000000000000000000000001C
:2044A0000000000000000000000000000000000000000000000000000000000000000000FC
:2044C0000000000000000000000000000000000000000000000000000000000000000000DC
:2044E0000000000000000000000000000000000000000000000000000000000000000000BC
:2045000000000000000000000000000000000000000000000000000000000000000000009B
:2045200000000000000000000000000000000000000000000000000000000000000000007B
:2045400000000000000000000000000000000000000000000000000000000000000000005B
:2045600000000000000000000000000000000000000000000000000000000000000000003B
:2045800000000000000000000000000000000000000000000000000000000000000000001B
:2045A0000000000000000000000000000000000000000000000000000000000000000000FB
:2045C0000000000000000000000000000000000000000000000000000000000000000000DB
:2045E0000000000000000000000000000000000000000000000000000000000000000000BB
:2046000000000000000000000000000000000000000000000000000000000000000000009A
:2046200000000000000000000000000000000000000000000000000000000000000000007A
:2046400000000000000000000000000000000000000000000000000000000000000000005A
:2046600000000000000000000000000000000000000000000000000000000000000000003A
:2046800000000000000000000000000000000000000000000000000000000000000000001A
:2046A0000000000000000000000000000000000000000000000000000000000000000000FA
:2046C0000000000000000000000000000000000000000000000000000000000000000000DA
:2046E0000000000000000000000000000000000000000000000000000000000000000000BA
:20470000000000000000000000000000000000000000000000000000000000000000000099
:20472000000000000000000000000000000000000000000000000000000000000000000079
:20474000000000000000000000000000000000000000000000000000000000000000000059
:20476000000000000000000000000000000000000000000000000000000000000000000039
:20478000000000000000000000000000000000000000000000000000000000000000000019
:2047A0000000000000000000000000000000000000000000000000000000000000000000F9
:2047C0000000000000000000000000000000000000000000000000000000000000000000D9
:2047E0000000000000000000000000000000000000000000000000000000000000000000B9
:20480000000000000000000000000000000000000000000000000000000000000000000098
:20482000000000000000000000000000000000000000000000000000000000000000000078
:20484000000000000000000000000000000000000000000000000000000000000000000058
:20486000000000000000000000000000000000000000000000000000000000000000000038
:20488000000000000000000000000000000000000000000000000000000000000000000018
:2048A0000000000000000000000000000000000000000000000000000000000000000000F8
:2048C0000000000000000000000000000000000000000000000000000000000000000000D8
:2048E0000000000000000000000000000000000000000000000000000000000000000000B8
:20490000000000000000000000000000000000000000000000000000000000000000000097
:20492000000000000000000000000000000000000000000000000000000000000000000077
:20494000000000000000000000000000000000000000000000000000000000000000000057
:20496000000000000000000000000000000000000000000000000000000000000000000037
:20498000000000000000000000000000000000000000000000000000000000000000000017
:2049A0000000000000000000000000000000000000000000000000000000000000000000F7
:2049C0000000000000000000000000000000000000000000000000000000000000000000D7
:2049E0000000000000000000000000000000000000000000000000000000000000000000B7
:204A0000000000000000000000000000000000000000000000000000000000000000000096
:204A2000000000000000000000000000000000000000000000000000000000000000000076
:204A4000000000000000000000000000000000000000000000000000000000000000000056
:204A6000000000000000000000000000000000000000000000000000000000000000000036
:204A8000000000000000000000000000000000000000000000000000000000000000000016
:204AA0000000000000000000000000000000000000000000000000000000000000000000F6
:204AC0000000000000000000000000000000000000000000000000000000000000000000D6
:204AE0000000000000000000000000000000000000000000000000000000000000000000B6
:204B0000000000000000000000000000000000000000000000000000000000000000000095
:204B2000000000000000000000000000000000000000000000000000000000000000000075
:204B4000000000000000000000000000000000000000000000000000000000000000000055
:204B6000000000000000000000000000000000000000000000000000000000000000000035
:204B8000000000000000000000000000000000000000000000000000000000000000000015
:204BA0000000000000000000000000000000000000000000000000000000000000000000F5
:204BC0000000000000000000000000000000000000000000000000000000000000000000D5
:204BE0000000000000000000000000000000000000000000000000000000000000000000B5
:204C0000000000000000000000000000000000000000000000000000000000000000000094
:204C2000000000000000000000000000000000000000000000000000000000000000000074
:204C4000000000000000000000000000000000000000000000000000000000000000000054
:204C6000000000000000000000000000000000000000000000000000000000000000000034
:204C8000000000000000000000000000000000000000000000000000000000000000000014
:204CA0000000000000000000000000000000000000000000000000000000000000000000F4
:204CC0000000000000000000000000000000000000000000000000000000000000000000D4
:204CE0000000000000000000000000000000000000000000000000000000000000000000B4
:204D0000000000000000000000000000000000000000000000000000000000000000000093
:204D2000000000000000000000000000000000000000000000000000000000000000000073
:204D4000000000000000000000000000000000000000000000000000000000000000000053
:204D6000000000000000000000000000000000000000000000000000000000000000000033
:204D8000000000000000000000000000000000000000000000000000000000000000000013
:204DA0000000000000000000000000000000000000000000000000000000000000000000F3
:204DC0000000000000000000000000000000000000000000000000000000000000000000D3
:204DE0000000000000000000000000000000000000000000000000000000000000000000B3
:204E0000000000000000000000000000000000000000000000000000000000000000000092
:204E2000000000000000000000000000000000000000000000000000000000000000000072
:204E4000000000000000000000000000000000000000000000000000000000000000000052
:204E6000000000000000000000000000000000000000000000000000000000000000000032
:204E8000000000000000000000000000000000000000000000000000000000000000000012
:204EA0000000000000000000000000000000000000000000000000000000000000000000F2
:204EC0000000000000000000000000000000000000000000000000000000000000000000D2
:204EE0000000000000000000000000000000000000000000000000000000000000000000B2
:204F0000000000000000000000000000000000000000000000000000000000000000000091
:204F2000000000000000000000000000000000000000000000000000000000000000000071
:204F4000000000000000000000000000000000000000000000000000000000000000000051
:204F6000000000000000000000000000000000000000000000000000000000000000000031
:204F8000000000000000000000000000000000000000000000000000000000000000000011
:204FA0000000000000000000000000000000000000000000000000000000000000000000F1
:204FC0000000000000000000000000000000000000000000000000000000000000000000D1
:204FE0000000000000000000000000000000000000000000000000000000000000000000B1
:20500000000000000000000000000000000000000000000000000000000000000000000090
:20502000000000000000000000000000000000000000000000000000000000000000000070
:20504000000000000000000000000000000000000000000000000000000000000000000050
:20506000000000000000000000000000000000000000000000000000000000000000000030
:20508000000000000000000000000000000000000000000000000000000000000000000010
:2050A0000000000000000000000000000000000000000000000000000000000000000000F0
:2050C0000000000000000000000000000000000000000000000000000000000000000000D0
:2050E0000000000000000000000000000000000000000000000000000000000000000000B0
:2051000000000000000000000000000000000000000000000000000000000000000000008F
:2051200000000000000000000000000000000000000000000000000000000000000000006F
:2051400000000000000000000000000000000000000000000000000000000000000000004F
:2051600000000000000000000000000000000000000000000000000000000000000000002F
:2051800000000000000000000000000000000000000000000000000000000000000000000F
:2051A0000000000000000000000000000000000000000000000000000000000000000000EF
:2051C0000000000000000000000000000000000000000000000000000000000000000000CF
:2051E0000000000000000000000000000000000000000000000000000000000000000000AF
:2052000000000000000000000000000000000000000000000000000000000000000000008E
:2052200000000000000000000000000000000000000000000000000000000000000000006E
:2052400000000000000000000000000000000000000000000000000000000000000000004E
:2052600000000000000000000000000000000000000000000000000000000000000000002E
:2052800000000000000000000000000000000000000000000000000000000000000000000E
:2052A0000000000000000000000000000000000000000000000000000000000000000000EE
:2052C0000000000000000000000000000000000000000000000000000000000000000000CE
:2052E0000000000000000000000000000000000000000000000000000000000000000000AE
:2053000000000000000000000000000000000000000000000000000000000000000000008D
:2053200000000000000000000000000000000000000000000000000000000000000000006D
:2053400000000000000000000000000000000000000000000000000000000000000000004D
:2053600000000000000000000000000000000000000000000000000000000000000000002D
:2053800000000000000000000000000000000000000000000000000000000000000000000D
:2053A0000000000000000000000000000000000000000000000000000000000000000000ED
:2053C0000000000000000000000000000000000000000000000000000000000000000000CD
:2053E0000000000000000000000000000000000000000000000000000000000000000000AD
:2054000000000000000000000000000000000000000000000000000000000000000000008C
:2054200000000000000000000000000000000000000000000000000000000000000000006C
:2054400000000000000000000000000000000000000000000000000000000000000000004C
:2054600000000000000000000000000000000000000000000000000000000000000000002C
:2054800000000000000000000000000000000000000000000000000000000000000000000C
:2054A0000000000000000000000000000000000000000000000000000000000000000000EC
:2054C0000000000000000000000000000000000000000000000000000000000000000000CC
:2054E0000000000000000000000000000000000000000000000000000000000000000000AC
:2055000000000000000000000000000000000000000000000000000000000000000000008B
:2055200000000000000000000000000000000000000000000000000000000000000000006B
:2055400000000000000000000000000000000000000000000000000000000000000000004B
:2055600000000000000000000000000000000000000000000000000000000000000000002B
:2055800000000000000000000000000000000000000000000000000000000000000000000B
:2055A0000000000000000000000000000000000000000000000000000000000000000000EB
:2055C0000000000000000000000000000000000000000000000000000000000000000000CB
:2055E0000000000000000000000000000000000000000000000000000000000000000000AB
:2056000000000000000000000000000000000000000000000000000000000000000000008A
:2056200000000000000000000000000000000000000000000000000000000000000000006A
:2056400000000000000000000000000000000000000000000000000000000000000000004A
:2056600000000000000000000000000000000000000000000000000000000000000000002A
:2056800000000000000000000000000000000000000000000000000000000000000000000A
:2056A0000000000000000000000000000000000000000000000000000000000000000000EA
:2056C0000000000000000000000000000000000000000000000000000000000000000000CA
:2056E0000000000000000000000000000000000000000000000000000000000000000000AA
:20570000000000000000000000000000000000000000000000000000000000000000000089
:20572000000000000000000000000000000000000000000000000000000000000000000069
:20574000000000000000000000000000000000000000000000000000000000000000000049
:20576000000000000000000000000000000000000000000000000000000000000000000029
:20578000000000000000000000000000000000000000000000000000000000000000000009
:2057A0000000000000000000000000000000000000000000000000000000000000000000E9
:2057C0000000000000000000000000000000000000000000000000000000000000000000C9
:2057E0000000000000000000000000000000000000000000000000000000000000000000A9
:20580000000000000000000000000000000000000000000000000000000000000000000088
:20582000000000000000000000000000000000000000000000000000000000000000000068
:20584000000000000000000000000000000000000000000000000000000000000000000048
:20586000000000000000000000000000000000000000000000000000000000000000000028
:20588000000000000000000000000000000000000000000000000000000000000000000008
:2058A0000000000000000000000000000000000000000000000000000000000000000000E8
:2058C0000000000000000000000000000000000000000000000000000000000000000000C8
:2058E0000000000000000000000000000000000000000000000000000000000000000000A8
:20590000000000000000000000000000000000000000000000000000000000000000000087
:20592000000000000000000000000000000000000000000000000000000000000000000067
:20594000000000000000000000000000000000000000000000000000000000000000000047
:20596000000000000000000000000000000000000000000000000000000000000000000027
:20598000000000000000000000000000000000000000000000000000000000000000000007
:2059A0000000000000000000000000000000000000000000000000000000000000000000E7
:2059C0000000000000000000000000000000000000000000000000000000000000000000C7
:2059E0000000000000000000000000000000000000000000000000000000000000000000A7
:205A0000000000000000000000000000000000000000000000000000000000000000000086
:205A2000000000000000000000000000000000000000000000000000000000000000000066
:205A4000000000000000000000000000000000000000000000000000000000000000000046
:205A6000000000000000000000000000000000000000000000000000000000000000000026
:205A8000000000000000000000000000000000000000000000000000000000000000000006
:205AA0000000000000000000000000000000000000000000000000000000000000000000E6
:205AC0000000000000000000000000000000000000000000000000000000000000000000C6
:205AE0000000000000000000000000000000000000000000000000000000000000000000A6
:205B0000000000000000000000000000000000000000000000000000000000000000000085
:205B2000000000000000000000000000000000000000000000000000000000000000000065
:205B4000000000000000000000000000000000000000000000000000000000000000000045
:205B6000000000000000000000000000000000000000000000000000000000000000000025
:205B8000000000000000000000000000000000000000000000000000000000000000000005
:205BA0000000000000000000000000000000000000000000000000000000000000000000E5
:205BC0000000000000000000000000000000000000000000000000000000000000000000C5
:205BE0000000000000000000000000000000000000000000000000000000000000000000A5
:205C0000000000000000000000000000000000000000000000000000000000000000000084
:205C2000000000000000000000000000000000000000000000000000000000000000000064
:205C4000000000000000000000000000000000000000000000000000000000000000000044
:205C6000000000000000000000000000000000000000000000000000000000000000000024
:205C8000000000000000000000000000000000000000000000000000000000000000000004
:205CA0000000000000000000000000000000000000000000000000000000000000000000E4
:205CC0000000000000000000000000000000000000000000000000000000000000000000C4
:205CE0000000000000000000000000000000000000000000000000000000000000000000A4
:205D0000000000000000000000000000000000000000000000000000000000000000000083
:205D2000000000000000000000000000000000000000000000000000000000000000000063
:205D4000000000000000000000000000000000000000000000000000000000000000000043
:205D6000000000000000000000000000000000000000000000000000000000000000000023
:205D8000000000000000000000000000000000000000000000000000000000000000000003
:205DA0000000000000000000000000000000000000000000000000000000000000000000E3
:205DC0000000000000000000000000000000000000000000000000000000000000000000C3
:205DE0000000000000000000000000000000000000000000000000000000000000000000A3
:205E0000000000000000000000000000000000000000000000000000000000000000000082
:205E2000000000000000000000000000000000000000000000000000000000000000000062
:205E4000000000000000000000000000000000000000000000000000000000000000000042
:205E6000000000000000000000000000000000000000000000000000000000000000000022
:205E8000000000000000000000000000000000000000000000000000000000000000000002
:205EA0000000000000000000000000000000000000000000000000000000000000000000E2
:205EC0000000000000000000000000000000000000000000000000000000000000000000C2
:205EE0000000000000000000000000000000000000000000000000000000000000000000A2
:205F0000000000000000000000000000000000000000000000000000000000000000000081
:205F2000000000000000000000000000000000000000000000000000000000000000000061
:205F4000000000000000000000000000000000000000000000000000000000000000000041
:205F6000000000000000000000000000000000000000000000000000000000000000000021
:205F8000000000000000000000000000000000000000000000000000000000000000000001
:205FA0000000000000000000000000000000000000000000000000000000000000000000E1
:205FC0000000000000000000000000000000000000000000000000000000000000000000C1
:205FE0000000000000000000000000000000000000000000000000000000000000000000A1
:20600000000000000000000000000000000000000000000000000000000000000000000080
:20602000000000000000000000000000000000000000000000000000000000000000000060
:20604000000000000000000000000000000000000000000000000000000000000000000040
:20606000000000000000000000000000000000000000000000000000000000000000000020
:20608000000000000000000000000000000000000000000000000000000000000000000000
:2060A0000000000000000000000000000000000000000000000000000000000000000000E0
:2060C0000000000000000000000000000000000000000000000000000000000000000000C0
:2060E0000000000000000000000000000000000000000000000000000000000000000000A0
:2061000000000000000000000000000000000000000000000000000000000000000000007F
:2061200000000000000000000000000000000000000000000000000000000000000000005F
:2061400000000000000000000000000000000000000000000000000000000000000000003F
:2061600000000000000000000000000000000000000000000000000000000000000000001F
:206180000000000000000000000000000000000000000000000000000000000000000000FF
:2061A0000000000000000000000000000000000000000000000000000000000000000000DF
:2061C0000000000000000000000000000000000000000000000000000000000000000000BF
:2061E00000000000000000000000000000000000000000000000000000000000000000009F
:2062000000000000000000000000000000000000000000000000000000000000000000007E
:2062200000000000000000000000000000000000000000000000000000000000000000005E
:2062400000000000000000000000000000000000000000000000000000000000000000003E
:2062600000000000000000000000000000000000000000000000000000000000000000001E
:206280000000000000000000000000000000000000000000000000000000000000000000FE
:2062A0000000000000000000000000000000000000000000000000000000000000000000DE
:2062C0000000000000000000000000000000000000000000000000000000000000000000BE
:2062E00000000000000000000000000000000000000000000000000000000000000000009E
:2063000000000000000000000000000000000000000000000000000000000000000000007D
:2063200000000000000000000000000000000000000000000000000000000000000000005D
:2063400000000000000000000000000000000000000000000000000000000000000000003D
:2063600000000000000000000000000000000000000000000000000000000000000000001D
:206380000000000000000000000000000000000000000000000000000000000000000000FD
:2063A0000000000000000000000000000000000000000000000000000000000000000000DD
:2063C0000000000000000000000000000000000000000000000000000000000000000000BD
:2063E00000000000000000000000000000000000000000000000000000000000000000009D
:2064000000000000000000000000000000000000000000000000000000000000000000007C
:2064200000000000000000000000000000000000000000000000000000000000000000005C
:2064400000000000000000000000000000000000000000000000000000000000000000003C
:2064600000000000000000000000000000000000000000000000000000000000000000001C
:206480000000000000000000000000000000000000000000000000000000000000000000FC
:2064A0000000000000000000000000000000000000000000000000000000000000000000DC
:2064C0000000000000000000000000000000000000000000000000000000000000000000BC
:2064E00000000000000000000000000000000000000000000000000000000000000000009C
:2065000000000000000000000000000000000000000000000000000000000000000000007B
:2065200000000000000000000000000000000000000000000000000000000000000000005B
:2065400000000000000000000000000000000000000000000000000000000000000000003B
:2065600000000000000000000000000000000000000000000000000000000000000000001B
:206580000000000000000000000000000000000000000000000000000000000000000000FB
:2065A0000000000000000000000000000000000000000000000000000000000000000000DB
:2065C0000000000000000000000000000000000000000000000000000000000000000000BB
:2065E00000000000000000000000000000000000000000000000000000000000000000009B
:2066000000000000000000000000000000000000000000000000000000000000000000007A
:2066200000000000000000000000000000000000000000000000000000000000000000005A
:2066400000000000000000000000000000000000000000000000000000000000000000003A
:2066600000000000000000000000000000000000000000000000000000000000000000001A
:206680000000000000000000000000000000000000000000000000000000000000000000FA
:2066A0000000000000000000000000000000000000000000000000000000000000000000DA
:2066C0000000000000000000000000000000000000000000000000000000000000000000BA
:2066E00000000000000000000000000000000000000000000000000000000000000000009A
:20670000000000000000000000000000000000000000000000000000000000000000000079
:20672000000000000000000000000000000000000000000000000000000000000000000059
:20674000000000000000000000000000000000000000000000000000000000000000000039
:20676000000000000000000000000000000000000000000000000000000000000000000019
:206780000000000000000000000000000000000000000000000000000000000000000000F9
:2067A0000000000000000000000000000000000000000000000000000000000000000000D9
:2067C0000000000000000000000000000000000000000000000000000000000000000000B9
:2067E000000000000000000000000000000000000000000000000000000000000000000099
:20680000000000000000000000000000000000000000000000000000000000000000000078
:20682000000000000000000000000000000000000000000000000000000000000000000058
:20684000000000000000000000000000000000000000000000000000000000000000000038
:20686000000000000000000000000000000000000000000000000000000000000000000018
:206880000000000000000000000000000000000000000000000000000000000000000000F8
:2068A0000000000000000000000000000000000000000000000000000000000000000000D8
:2068C0000000000000000000000000000000000000000000000000000000000000000000B8
:2068E000000000000000000000000000000000000000000000000000000000000000000098
:20690000000000000000000000000000000000000000000000000000000000000000000077
:20692000000000000000000000000000000000000000000000000000000000000000000057
:20694000000000000000000000000000000000000000000000000000000000000000000037
:20696000000000000000000000000000000000000000000000000000000000000000000017
:206980000000000000000000000000000000000000000000000000000000000000000000F7
:2069A0000000000000000000000000000000000000000000000000000000000000000000D7
:2069C0000000000000000000000000000000000000000000000000000000000000000000B7
:2069E000000000000000000000000000000000000000000000000000000000000000000097
:206A0000000000000000000000000000000000000000000000000000000000000000000076
:206A2000000000000000000000000000000000000000000000000000000000000000000056
:206A4000000000000000000000000000000000000000000000000000000000000000000036
:206A6000000000000000000000000000000000000000000000000000000000000000000016
:206A80000000000000000000000000000000000000000000000000000000000000000000F6
:206AA0000000000000000000000000000000000000000000000000000000000000000000D6
:206AC0000000000000000000000000000000000000000000000000000000000000000000B6
:206AE000000000000000000000000000000000000000000000000000000000000000000096
:206B0000000000000000000000000000000000000000000000000000000000000000000075
:206B2000000000000000000000000000000000000000000000000000000000000000000055
:206B4000000000000000000000000000000000000000000000000000000000000000000035
:206B6000000000000000000000000000000000000000000000000000000000000000000015
:206B80000000000000000000000000000000000000000000000000000000000000000000F5
:206BA0000000000000000000000000000000000000000000000000000000000000000000D5
:206BC0000000000000000000000000000000000000000000000000000000000000000000B5
:206BE000000000000000000000000000000000000000000000000000000000000000000095
:206C0000000000000000000000000000000000000000000000000000000000000000000074
:206C2000000000000000000000000000000000000000000000000000000000000000000054
:206C4000000000000000000000000000000000000000000000000000000000000000000034
:206C6000000000000000000000000000000000000000000000000000000000000000000014
:206C80000000000000000000000000000000000000000000000000000000000000000000F4
:206CA0000000000000000000000000000000000000000000000000000000000000000000D4
:206CC0000000000000000000000000000000000000000000000000000000000000000000B4
:206CE000000000000000000000000000000000000000000000000000000000000000000094
:206D0000000000000000000000000000000000000000000000000000000000000000000073
:206D2000000000000000000000000000000000000000000000000000000000000000000053
:206D4000000000000000000000000000000000000000000000000000000000000000000033
:206D6000000000000000000000000000000000000000000000000000000000000000000013
:206D80000000000000000000000000000000000000000000000000000000000000000000F3
:206DA0000000000000000000000000000000000000000000000000000000000000000000D3
:206DC0000000000000000000000000000000000000000000000000000000000000000000B3
:206DE000000000000000000000000000000000000000000000000000000000000000000093
:206E0000000000000000000000000000000000000000000000000000000000000000000072
:206E2000000000000000000000000000000000000000000000000000000000000000000052
:206E4000000000000000000000000000000000000000000000000000000000000000000032
:206E6000000000000000000000000000000000000000000000000000000000000000000012
:206E80000000000000000000000000000000000000000000000000000000000000000000F2
:206EA0000000000000000000000000000000000000000000000000000000000000000000D2
:206EC0000000000000000000000000000000000000000000000000000000000000000000B2
:206EE000000000000000000000000000000000000000000000000000000000000000000092
:206F0000000000000000000000000000000000000000000000000000000000000000000071
:206F2000000000000000000000000000000000000000000000000000000000000000000051
:206F4000000000000000000000000000000000000000000000000000000000000000000031
:206F6000000000000000000000000000000000000000000000000000000000000000000011
:206F80000000000000000000000000000000000000000000000000000000000000000000F1
:206FA0000000000000000000000000000000000000000000000000000000000000000000D1
:206FC0000000000000000000000000000000000000000000000000000000000000000000B1
:206FE000000000000000000000000000000000000000000000000000000000000000000091
:20700000000000000000000000000000000000000000000000000000000000000000000070
:20702000000000000000000000000000000000000000000000000000000000000000000050
:20704000000000000000000000000000000000000000000000000000000000000000000030
:20706000000000000000000000000000000000000000000000000000000000000000000010
:207080000000000000000000000000000000000000000000000000000000000000000000F0
:2070A0000000000000000000000000000000000000000000000000000000000000000000D0
:2070C0000000000000000000000000000000000000000000000000000000000000000000B0
:2070E000000000000000000000000000000000000000000000000000000000000000000090
:2071000000000000000000000000000000000000000000000000000000000000000000006F
:2071200000000000000000000000000000000000000000000000000000000000000000004F
:2071400000000000000000000000000000000000000000000000000000000000000000002F
:2071600000000000000000000000000000000000000000000000000000000000000000000F
:207180000000000000000000000000000000000000000000000000000000000000000000EF
:2071A0000000000000000000000000000000000000000000000000000000000000000000CF
:2071C0000000000000000000000000000000000000000000000000000000000000000000AF
:2071E00000000000000000000000000000000000000000000000000000000000000000008F
:2072000000000000000000000000000000000000000000000000000000000000000000006E
:2072200000000000000000000000000000000000000000000000000000000000000000004E
:2072400000000000000000000000000000000000000000000000000000000000000000002E
:2072600000000000000000000000000000000000000000000000000000000000000000000E
:207280000000000000000000000000000000000000000000000000000000000000000000EE
:2072A0000000000000000000000000000000000000000000000000000000000000000000CE
:2072C0000000000000000000000000000000000000000000000000000000000000000000AE
:2072E00000000000000000000000000000000000000000000000000000000000000000008E
:2073000000000000000000000000000000000000000000000000000000000000000000006D
:2073200000000000000000000000000000000000000000000000000000000000000000004D
:2073400000000000000000000000000000000000000000000000000000000000000000002D
:2073600000000000000000000000000000000000000000000000000000000000000000000D
:207380000000000000000000000000000000000000000000000000000000000000000000ED
:2073A0000000000000000000000000000000000000000000000000000000000000000000CD
:2073C0000000000000000000000000000000000000000000000000000000000000000000AD
:2073E00000000000000000000000000000000000000000000000000000000000000000008D
:2074000000000000000000000000000000000000000000000000000000000000000000006C
:2074200000000000000000000000000000000000000000000000000000000000000000004C
:2074400000000000000000000000000000000000000000000000000000000000000000002C
:2074600000000000000000000000000000000000000000000000000000000000000000000C
:207480000000000000000000000000000000000000000000000000000000000000000000EC
:2074A0000000000000000000000000000000000000000000000000000000000000000000CC
:2074C0000000000000000000000000000000000000000000000000000000000000000000AC
:2074E00000000000000000000000000000000000000000000000000000000000000000008C
:2075000000000000000000000000000000000000000000000000000000000000000000006B
:2075200000000000000000000000000000000000000000000000000000000000000000004B
:2075400000000000000000000000000000000000000000000000000000000000000000002B
:2075600000000000000000000000000000000000000000000000000000000000000000000B
:207580000000000000000000000000000000000000000000000000000000000000000000EB
:2075A0000000000000000000000000000000000000000000000000000000000000000000CB
:2075C0000000000000000000000000000000000000000000000000000000000000000000AB
:2075E00000000000000000000000000000000000000000000000000000000000000000008B
:2076000000000000000000000000000000000000000000000000000000000000000000006A
:2076200000000000000000000000000000000000000000000000000000000000000000004A
:2076400000000000000000000000000000000000000000000000000000000000000000002A
:2076600000000000000000000000000000000000000000000000000000000000000000000A
:207680000000000000000000000000000000000000000000000000000000000000000000EA
:2076A0000000000000000000000000000000000000000000000000000000000000000000CA
:2076C0000000000000000000000000000000000000000000000000000000000000000000AA
:2076E00000000000000000000000000000000000000000000000000000000000000000008A
:20770000000000000000000000000000000000000000000000000000000000000000000069
:20772000000000000000000000000000000000000000000000000000000000000000000049
:20774000000000000000000000000000000000000000000000000000000000000000000029
:20776000000000000000000000000000000000000000000000000000000000000000000009
:207780000000000000000000000000000000000000000000000000000000000000000000E9
:2077A0000000000000000000000000000000000000000000000000000000000000000000C9
:2077C0000000000000000000000000000000000000000000000000000000000000000000A9
:2077E000000000000000000000000000000000000000000000000000000000000000000089
:20780000000000000000000000000000000000000000000000000000000000000000000068
:20782000000000000000000000000000000000000000000000000000000000000000000048
:20784000000000000000000000000000000000000000000000000000000000000000000028
:20786000000000000000000000000000000000000000000000000000000000000000000008
:207880000000000000000000000000000000000000000000000000000000000000000000E8
:2078A0000000000000000000000000000000000000000000000000000000000000000000C8
:2078C0000000000000000000000000000000000000000000000000000000000000000000A8
:2078E000000000000000000000000000000000000000000000000000000000000000000088
:20790000000000000000000000000000000000000000000000000000000000000000000067
:20792000000000000000000000000000000000000000000000000000000000000000000047
:20794000000000000000000000000000000000000000000000000000000000000000000027
:20796000000000000000000000000000000000000000000000000000000000000000000007
:207980000000000000000000000000000000000000000000000000000000000000000000E7
:2079A0000000000000000000000000000000000000000000000000000000000000000000C7
:2079C0000000000000000000000000000000000000000000000000000000000000000000A7
:2079E000000000000000000000000000000000000000000000000000000000000000000087
:207A0000000000000000000000000000000000000000000000000000000000000000000066
:207A2000000000000000000000000000000000000000000000000000000000000000000046
:207A4000000000000000000000000000000000000000000000000000000000000000000026
:207A6000000000000000000000000000000000000000000000000000000000000000000006
:207A80000000000000000000000000000000000000000000000000000000000000000000E6
:207AA0000000000000000000000000000000000000000000000000000000000000000000C6
:207AC0000000000000000000000000000000000000000000000000000000000000000000A6
:207AE000000000000000000000000000000000000000000000000000000000000000000086
:207B0000000000000000000000000000000000000000000000000000000000000000000065
:207B2000000000000000000000000000000000000000000000000000000000000000000045
:207B4000000000000000000000000000000000000000000000000000000000000000000025
:207B6000000000000000000000000000000000000000000000000000000000000000000005
:207B80000000000000000000000000000000000000000000000000000000000000000000E5
:207BA0000000000000000000000000000000000000000000000000000000000000000000C5
:207BC0000000000000000000000000000000000000000000000000000000000000000000A5
:207BE000000000000000000000000000000000000000000000000000000000000000000085
:207C0000000000000000000000000000000000000000000000000000000000000000000064
:207C2000000000000000000000000000000000000000000000000000000000000000000044
:207C4000000000000000000000000000000000000000000000000000000000000000000024
:207C6000000000000000000000000000000000000000000000000000000000000000000004
:207C80000000000000000000000000000000000000000000000000000000000000000000E4
:207CA0000000000000000000000000000000000000000000000000000000000000000000C4
:207CC0000000000000000000000000000000000000000000000000000000000000000000A4
:207CE000000000000000000000000000000000000000000000000000000000000000000084
:207D0000000000000000000000000000000000000000000000000000000000000000000063
:207D2000000000000000000000000000000000000000000000000000000000000000000043
:207D4000000000000000000000000000000000000000000000000000000000000000000023
:207D6000000000000000000000000000000000000000000000000000000000000000000003
:207D80000000000000000000000000000000000000000000000000000000000000000000E3
:207DA0000000000000000000000000000000000000000000000000000000000000000000C3
:207DC0000000000000000000000000000000000000000000000000000000000000000000A3
:207DE000000000000000000000000000000000000000000000000000000000000000000083
:207E0000000000000000000000000000000000000000000000000000000000000000000062
:207E2000000000000000000000000000000000000000000000000000000000000000000042
:207E4000000000000000000000000000000000000000000000000000000000000000000022
:207E6000000000000000000000000000000000000000000000000000000000000000000002
:207E80000000000000000000000000000000000000000000000000000000000000000000E2
:207EA0000000000000000000000000000000000000000000000000000000000000000000C2
:207EC0000000000000000000000000000000000000000000000000000000000000000000A2
:207EE000000000000000000000000000000000000000000000000000000000000000000082
:207F0000000000000000000000000000000000000000000000000000000000000000000061
:207F2000000000000000000000000000000000000000000000000000000000000000000041
:207F4000000000000000000000000000000000000000000000000000000000000000000021
:207F6000000000000000000000000000000000000000000000000000000000000000000001
:207F80000000000000000000000000000000000000000000000000000000000000000000E1
:207FA0000000000000000000000000000000000000000000000000000000000000000000C1
:207FC0000000000000000000000000000000000000000000000000000000000000000000A1
:207FE000000000000000000000000000000000000000000000000000000000000000000081
:20800000000000000000000000000000000000000000000000000000000000000000000060
:20802000000000000000000000000000000000000000000000000000000000000000000040
:20804000000000000000000000000000000000000000000000000000000000000000000020
:20806000000000000000000000000000000000000000000000000000000000000000000000
:208080000000000000000000000000000000000000000000000000000000000000000000E0
:2080A0000000000000000000000000000000000000000000000000000000000000000000C0
:2080C0000000000000000000000000000000000000000000000000000000000000000000A0
:2080E000000000000000000000000000000000000000000000000000000000000000000080
:2081000000000000000000000000000000000000000000000000000000000000000000005F
:2081200000000000000000000000000000000000000000000000000000000000000000003F
:2081400000000000000000000000000000000000000000000000000000000000000000001F
:208160000000000000000000000000000000000000000000000000000000000000000000FF
:208180000000000000000000000000000000000000000000000000000000000000000000DF
:2081A0000000000000000000000000000000000000000000000000000000000000000000BF
:2081C00000000000000000000000000000000000000000000000000000000000000000009F
:2081E00000000000000000000000000000000000000000000000000000000000000000007F
:2082000000000000000000000000000000000000000000000000000000000000000000005E
:2082200000000000000000000000000000000000000000000000000000000000000000003E
:2082400000000000000000000000000000000000000000000000000000000000000000001E
:208260000000000000000000000000000000000000000000000000000000000000000000FE
:208280000000000000000000000000000000000000000000000000000000000000000000DE
:2082A0000000000000000000000000000000000000000000000000000000000000000000BE
:2082C00000000000000000000000000000000000000000000000000000000000000000009E
:2082E00000000000000000000000000000000000000000000000000000000000000000007E
:2083000000000000000000000000000000000000000000000000000000000000000000005D
:2083200000000000000000000000000000000000000000000000000000000000000000003D
:2083400000000000000000000000000000000000000000000000000000000000000000001D
:208360000000000000000000000000000000000000000000000000000000000000000000FD
:208380000000000000000000000000000000000000000000000000000000000000000000DD
:2083A0000000000000000000000000000000000000000000000000000000000000000000BD
:2083C00000000000000000000000000000000000000000000000000000000000000000009D
:2083E00000000000000000000000000000000000000000000000000000000000000000007D
:2084000000000000000000000000000000000000000000000000000000000000000000005C
:2084200000000000000000000000000000000000000000000000000000000000000000003C
:2084400000000000000000000000000000000000000000000000000000000000000000001C
:208460000000000000000000000000000000000000000000000000000000000000000000FC
:208480000000000000000000000000000000000000000000000000000000000000000000DC
:2084A0000000000000000000000000000000000000000000000000000000000000000000BC
:2084C00000000000000000000000000000000000000000000000000000000000000000009C
:2084E00000000000000000000000000000000000000000000000000000000000000000007C
:2085000000000000000000000000000000000000000000000000000000000000000000005B
:2085200000000000000000000000000000000000000000000000000000000000000000003B
:2085400000000000000000000000000000000000000000000000000000000000000000001B
:208560000000000000000000000000000000000000000000000000000000000000000000FB
:208580000000000000000000000000000000000000000000000000000000000000000000DB
:2085A0000000000000000000000000000000000000000000000000000000000000000000BB
:2085C00000000000000000000000000000000000000000000000000000000000000000009B
:2085E00000000000000000000000000000000000000000000000000000000000000000007B
:2086000000000000000000000000000000000000000000000000000000000000000000005A
:2086200000000000000000000000000000000000000000000000000000000000000000003A
:2086400000000000000000000000000000000000000000000000000000000000000000001A
:208660000000000000000000000000000000000000000000000000000000000000000000FA
:208680000000000000000000000000000000000000000000000000000000000000000000DA
:2086A0000000000000000000000000000000000000000000000000000000000000000000BA
:2086C00000000000000000000000000000000000000000000000000000000000000000009A
:2086E00000000000000000000000000000000000000000000000000000000000000000007A
:20870000000000000000000000000000000000000000000000000000000000000000000059
:20872000000000000000000000000000000000000000000000000000000000000000000039
:20874000000000000000000000000000000000000000000000000000000000000000000019
:208760000000000000000000000000000000000000000000000000000000000000000000F9
:208780000000000000000000000000000000000000000000000000000000000000000000D9
:2087A0000000000000000000000000000000000000000000000000000000000000000000B9
:2087C000000000000000000000000000000000000000000000000000000000000000000099
:2087E000000000000000000000000000000000000000000000000000000000000000000079
:20880000000000000000000000000000000000000000000000000000000000000000000058
:20882000000000000000000000000000000000000000000000000000000000000000000038
:20884000000000000000000000000000000000000000000000000000000000000000000018
:208860000000000000000000000000000000000000000000000000000000000000000000F8
:208880000000000000000000000000000000000000000000000000000000000000000000D8
:2088A0000000000000000000000000000000000000000000000000000000000000000000B8
:2088C000000000000000000000000000000000000000000000000000000000000000000098
:2088E000000000000000000000000000000000000000000000000000000000000000000078
:20890000000000000000000000000000000000000000000000000000000000000000000057
:20892000000000000000000000000000000000000000000000000000000000000000000037
:20894000000000000000000000000000000000000000000000000000000000000000000017
:208960000000000000000000000000000000000000000000000000000000000000000000F7
:208980000000000000000000000000000000000000000000000000000000000000000000D7
:2089A0000000000000000000000000000000000000000000000000000000000000000000B7
:2089C000000000000000000000000000000000000000000000000000000000000000000097
:2089E000000000000000000000000000000000000000000000000000000000000000000077
:208A0000000000000000000000000000000000000000000000000000000000000000000056
:208A2000000000000000000000000000000000000000000000000000000000000000000036
:208A4000000000000000000000000000000000000000000000000000000000000000000016
:208A60000000000000000000000000000000000000000000000000000000000000000000F6
:208A80000000000000000000000000000000000000000000000000000000000000000000D6
:208AA0000000000000000000000000000000000000000000000000000000000000000000B6
:208AC000000000000000000000000000000000000000000000000000000000000000000096
:208AE000000000000000000000000000000000000000000000000000000000000000000076
:208B0000000000000000000000000000000000000000000000000000000000000000000055
:208B2000000000000000000000000000000000000000000000000000000000000000000035
:208B4000000000000000000000000000000000000000000000000000000000000000000015
:208B60000000000000000000000000000000000000000000000000000000000000000000F5
:208B80000000000000000000000000000000000000000000000000000000000000000000D5
:208BA0000000000000000000000000000000000000000000000000000000000000000000B5
:208BC000000000000000000000000000000000000000000000000000000000000000000095
:208BE000000000000000000000000000000000000000000000000000000000000000000075
:208C0000000000000000000000000000000000000000000000000000000000000000000054
:208C2000000000000000000000000000000000000000000000000000000000000000000034
:208C4000000000000000000000000000000000000000000000000000000000000000000014
:208C60000000000000000000000000000000000000000000000000000000000000000000F4
:208C80000000000000000000000000000000000000000000000000000000000000000000D4
:208CA0000000000000000000000000000000000000000000000000000000000000000000B4
:208CC000000000000000000000000000000000000000000000000000000000000000000094
:208CE000000000000000000000000000000000000000000000000000000000000000000074
:208D0000000000000000000000000000000000000000000000000000000000000000000053
:208D2000000000000000000000000000000000000000000000000000000000000000000033
:208D4000000000000000000000000000000000000000000000000000000000000000000013
:208D60000000000000000000000000000000000000000000000000000000000000000000F3
:208D80000000000000000000000000000000000000000000000000000000000000000000D3
:208DA0000000000000000000000000000000000000000000000000000000000000000000B3
:208DC000000000000000000000000000000000000000000000000000000000000000000093
:208DE000000000000000000000000000000000000000000000000000000000000000000073
:208E0000000000000000000000000000000000000000000000000000000000000000000052
:208E2000000000000000000000000000000000000000000000000000000000000000000032
:208E4000000000000000000000000000000000000000000000000000000000000000000012
:208E60000000000000000000000000000000000000000000000000000000000000000000F2
:208E80000000000000000000000000000000000000000000000000000000000000000000D2
:208EA0000000000000000000000000000000000000000000000000000000000000000000B2
:208EC000000000000000000000000000000000000000000000000000000000000000000092
:208EE000000000000000000000000000000000000000000000000000000000000000000072
:208F0000000000000000000000000000000000000000000000000000000000000000000051
:208F2000000000000000000000000000000000000000000000000000000000000000000031
:208F4000000000000000000000000000000000000000000000000000000000000000000011
:208F60000000000000000000000000000000000000000000000000000000000000000000F1
:208F80000000000000000000000000000000000000000000000000000000000000000000D1
:208FA0000000000000000000000000000000000000000000000000000000000000000000B1
:208FC000000000000000000000000000000000000000000000000000000000000000000091
:208FE000000000000000000000000000000000000000000000000000000000000000000071
:20900000000000000000000000000000000000000000000000000000000000000000000050
:20902000000000000000000000000000000000000000000000000000000000000000000030
:20904000000000000000000000000000000000000000000000000000000000000000000010
:209060000000000000000000000000000000000000000000000000000000000000000000F0
:209080000000000000000000000000000000000000000000000000000000000000000000D0
:2090A0000000000000000000000000000000000000000000000000000000000000000000B0
:2090C000000000000000000000000000000000000000000000000000000000000000000090
:2090E000000000000000000000000000000000000000000000000000000000000000000070
:2091000000000000000000000000000000000000000000000000000000000000000000004F
:2091200000000000000000000000000000000000000000000000000000000000000000002F
:2091400000000000000000000000000000000000000000000000000000000000000000000F
:209160000000000000000000000000000000000000000000000000000000000000000000EF
:209180000000000000000000000000000000000000000000000000000000000000000000CF
:2091A0000000000000000000000000000000000000000000000000000000000000000000AF
:2091C00000000000000000000000000000000000000000000000000000000000000000008F
:2091E00000000000000000000000000000000000000000000000000000000000000000006F
:2092000000000000000000000000000000000000000000000000000000000000000000004E
:2092200000000000000000000000000000000000000000000000000000000000000000002E
:2092400000000000000000000000000000000000000000000000000000000000000000000E
:209260000000000000000000000000000000000000000000000000000000000000000000EE
:209280000000000000000000000000000000000000000000000000000000000000000000CE
:2092A0000000000000000000000000000000000000000000000000000000000000000000AE
:2092C00000000000000000000000000000000000000000000000000000000000000000008E
:2092E00000000000000000000000000000000000000000000000000000000000000000006E
:2093000000000000000000000000000000000000000000000000000000000000000000004D
:2093200000000000000000000000000000000000000000000000000000000000000000002D
:2093400000000000000000000000000000000000000000000000000000000000000000000D
:209360000000000000000000000000000000000000000000000000000000000000000000ED
:209380000000000000000000000000000000000000000000000000000000000000000000CD
:2093A0000000000000000000000000000000000000000000000000000000000000000000AD
:2093C00000000000000000000000000000000000000000000000000000000000000000008D
:2093E00000000000000000000000000000000000000000000000000000000000000000006D
:2094000000000000000000000000000000000000000000000000000000000000000000004C
:2094200000000000000000000000000000000000000000000000000000000000000000002C
:2094400000000000000000000000000000000000000000000000000000000000000000000C
:209460000000000000000000000000000000000000000000000000000000000000000000EC
:209480000000000000000000000000000000000000000000000000000000000000000000CC
:2094A0000000000000000000000000000000000000000000000000000000000000000000AC
:2094C00000000000000000000000000000000000000000000000000000000000000000008C
:2094E00000000000000000000000000000000000000000000000000000000000000000006C
:2095000000000000000000000000000000000000000000000000000000000000000000004B
:2095200000000000000000000000000000000000000000000000000000000000000000002B
:2095400000000000000000000000000000000000000000000000000000000000000000000B
:209560000000000000000000000000000000000000000000000000000000000000000000EB
:209580000000000000000000000000000000000000000000000000000000000000000000CB
:2095A0000000000000000000000000000000000000000000000000000000000000000000AB
:2095C00000000000000000000000000000000000000000000000000000000000000000008B
:2095E00000000000000000000000000000000000000000000000000000000000000000006B
:2096000000000000000000000000000000000000000000000000000000000000000000004A
:2096200000000000000000000000000000000000000000000000000000000000000000002A
:2096400000000000000000000000000000000000000000000000000000000000000000000A
:209660000000000000000000000000000000000000000000000000000000000000000000EA
:209680000000000000000000000000000000000000000000000000000000000000000000CA
:2096A0000000000000000000000000000000000000000000000000000000000000000000AA
:2096C00000000000000000000000000000000000000000000000000000000000000000008A
:2096E00000000000000000000000000000000000000000000000000000000000000000006A
:20970000000000000000000000000000000000000000000000000000000000000000000049
:20972000000000000000000000000000000000000000000000000000000000000000000029
:20974000000000000000000000000000000000000000000000000000000000000000000009
:209760000000000000000000000000000000000000000000000000000000000000000000E9
:209780000000000000000000000000000000000000000000000000000000000000000000C9
:2097A0000000000000000000000000000000000000000000000000000000000000000000A9
:2097C000000000000000000000000000000000000000000000000000000000000000000089
:2097E000000000000000000000000000000000000000000000000000000000000000000069
:20980000000000000000000000000000000000000000000000000000000000000000000048
:20982000000000000000000000000000000000000000000000000000000000000000000028
:20984000000000000000000000000000000000000000000000000000000000000000000008
:209860000000000000000000000000000000000000000000000000000000000000000000E8
:209880000000000000000000000000000000000000000000000000000000000000000000C8
:2098A0000000000000000000000000000000000000000000000000000000000000000000A8
:2098C000000000000000000000000000000000000000000000000000000000000000000088
:2098E000000000000000000000000000000000000000000000000000000000000000000068
:20990000000000000000000000000000000000000000000000000000000000000000000047
:20992000000000000000000000000000000000000000000000000000000000000000000027
:20994000000000000000000000000000000000000000000000000000000000000000000007
:209960000000000000000000000000000000000000000000000000000000000000000000E7
:209980000000000000000000000000000000000000000000000000000000000000000000C7
:2099A0000000000000000000000000000000000000000000000000000000000000000000A7
:2099C000000000000000000000000000000000000000000000000000000000000000000087
:2099E000000000000000000000000000000000000000000000000000000000000000000067
:209A0000000000000000000000000000000000000000000000000000000000000000000046
:209A2000000000000000000000000000000000000000000000000000000000000000000026
:209A4000000000000000000000000000000000000000000000000000000000000000000006
:209A60000000000000000000000000000000000000000000000000000000000000000000E6
:209A80000000000000000000000000000000000000000000000000000000000000000000C6
:209AA0000000000000000000000000000000000000000000000000000000000000000000A6
:209AC000000000000000000000000000000000000000000000000000000000000000000086
:209AE000000000000000000000000000000000000000000000000000000000000000000066
:209B0000000000000000000000000000000000000000000000000000000000000000000045
:209B2000000000000000000000000000000000000000000000000000000000000000000025
:209B4000000000000000000000000000000000000000000000000000000000000000000005
:209B60000000000000000000000000000000000000000000000000000000000000000000E5
:209B80000000000000000000000000000000000000000000000000000000000000000000C5
:209BA0000000000000000000000000000000000000000000000000000000000000000000A5
:209BC000000000000000000000000000000000000000000000000000000000000000000085
:209BE000000000000000000000000000000000000000000000000000000000000000000065
:209C0000000000000000000000000000000000000000000000000000000000000000000044
:209C2000000000000000000000000000000000000000000000000000000000000000000024
:209C4000000000000000000000000000000000000000000000000000000000000000000004
:209C60000000000000000000000000000000000000000000000000000000000000000000E4
:209C80000000000000000000000000000000000000000000000000000000000000000000C4
:209CA0000000000000000000000000000000000000000000000000000000000000000000A4
:209CC000000000000000000000000000000000000000000000000000000000000000000084
:209CE000000000000000000000000000000000000000000000000000000000000000000064
:209D0000000000000000000000000000000000000000000000000000000000000000000043
:209D2000000000000000000000000000000000000000000000000000000000000000000023
:209D4000000000000000000000000000000000000000000000000000000000000000000003
:209D60000000000000000000000000000000000000000000000000000000000000000000E3
:209D80000000000000000000000000000000000000000000000000000000000000000000C3
:209DA0000000000000000000000000000000000000000000000000000000000000000000A3
:209DC000000000000000000000000000000000000000000000000000000000000000000083
:209DE000000000000000000000000000000000000000000000000000000000000000000063
:209E0000000000000000000000000000000000000000000000000000000000000000000042
:209E2000000000000000000000000000000000000000000000000000000000000000000022
:209E4000000000000000000000000000000000000000000000000000000000000000000002
:209E60000000000000000000000000000000000000000000000000000000000000000000E2
:209E80000000000000000000000000000000000000000000000000000000000000000000C2
:209EA0000000000000000000000000000000000000000000000000000000000000000000A2
:209EC000000000000000000000000000000000000000000000000000000000000000000082
:209EE000000000000000000000000000000000000000000000000000000000000000000062
:209F0000000000000000000000000000000000000000000000000000000000000000000041
:209F2000000000000000000000000000000000000000000000000000000000000000000021
:209F4000000000000000000000000000000000000000000000000000000000000000000001
:209F60000000000000000000000000000000000000000000000000000000000000000000E1
:209F80000000000000000000000000000000000000000000000000000000000000000000C1
:209FA0000000000000000000000000000000000000000000000000000000000000000000A1
:209FC000000000000000000000000000000000000000000000000000000000000000000081
:209FE000000000000000000000000000000000000000000000000000000000000000000061
:20A00000000000000000000000000000000000000000000000000000000000000000000040
:20A02000000000000000000000000000000000000000000000000000000000000000000020
:20A04000000000000000000000000000000000000000000000000000000000000000000000
:20A060000000000000000000000000000000000000000000000000000000000000000000E0
:20A080000000000000000000000000000000000000000000000000000000000000000000C0
:20A0A0000000000000000000000000000000000000000000000000000000000000000000A0
:20A0C000000000000000000000000000000000000000000000000000000000000000000080
:20A0E000000000000000000000000000000000000000000000000000000000000000000060
:20A1000000000000000000000000000000000000000000000000000000000000000000003F
:20A1200000000000000000000000000000000000000000000000000000000000000000001F
:20A140000000000000000000000000000000000000000000000000000000000000000000FF
:20A160000000000000000000000000000000000000000000000000000000000000000000DF
:20A180000000000000000000000000000000000000000000000000000000000000000000BF
:20A1A00000000000000000000000000000000000000000000000000000000000000000009F
:20A1C00000000000000000000000000000000000000000000000000000000000000000007F
:20A1E00000000000000000000000000000000000000000000000000000000000000000005F
:20A2000000000000000000000000000000000000000000000000000000000000000000003E
:20A2200000000000000000000000000000000000000000000000000000000000000000001E
:20A240000000000000000000000000000000000000000000000000000000000000000000FE
:20A260000000000000000000000000000000000000000000000000000000000000000000DE
:20A280000000000000000000000000000000000000000000000000000000000000000000BE
:20A2A00000000000000000000000000000000000000000000000000000000000000000009E
:20A2C00000000000000000000000000000000000000000000000000000000000000000007E
:20A2E00000000000000000000000000000000000000000000000000000000000000000005E
:20A3000000000000000000000000000000000000000000000000000000000000000000003D
:20A3200000000000000000000000000000000000000000000000000000000000000000001D
:20A340000000000000000000000000000000000000000000000000000000000000000000FD
:20A360000000000000000000000000000000000000000000000000000000000000000000DD
:20A380000000000000000000000000000000000000000000000000000000000000000000BD
:20A3A00000000000000000000000000000000000000000000000000000000000000000009D
:20A3C00000000000000000000000000000000000000000000000000000000000000000007D
:20A3E00000000000000000000000000000000000000000000000000000000000000000005D
:20A4000000000000000000000000000000000000000000000000000000000000000000003C
:20A4200000000000000000000000000000000000000000000000000000000000000000001C
:20A440000000000000000000000000000000000000000000000000000000000000000000FC
:20A460000000000000000000000000000000000000000000000000000000000000000000DC
:20A480000000000000000000000000000000000000000000000000000000000000000000BC
:20A4A00000000000000000000000000000000000000000000000000000000000000000009C
:20A4C00000000000000000000000000000000000000000000000000000000000000000007C
:20A4E00000000000000000000000000000000000000000000000000000000000000000005C
:20A5000000000000000000000000000000000000000000000000000000000000000000003B
:20A5200000000000000000000000000000000000000000000000000000000000000000001B
:20A540000000000000000000000000000000000000000000000000000000000000000000FB
:20A560000000000000000000000000000000000000000000000000000000000000000000DB
:20A580000000000000000000000000000000000000000000000000000000000000000000BB
:20A5A00000000000000000000000000000000000000000000000000000000000000000009B
:20A5C00000000000000000000000000000000000000000000000000000000000000000007B
:20A5E00000000000000000000000000000000000000000000000000000000000000000005B
:20A6000000000000000000000000000000000000000000000000000000000000000000003A
:20A6200000000000000000000000000000000000000000000000000000000000000000001A
:20A640000000000000000000000000000000000000000000000000000000000000000000FA
:20A660000000000000000000000000000000000000000000000000000000000000000000DA
:20A680000000000000000000000000000000000000000000000000000000000000000000BA
:20A6A00000000000000000000000000000000000000000000000000000000000000000009A
:20A6C00000000000000000000000000000000000000000000000000000000000000000007A
:20A6E00000000000000000000000000000000000000000000000000000000000000000005A
:20A70000000000000000000000000000000000000000000000000000000000000000000039
:20A72000000000000000000000000000000000000000000000000000000000000000000019
:20A740000000000000000000000000000000000000000000000000000000000000000000F9
:20A760000000000000000000000000000000000000000000000000000000000000000000D9
:20A780000000000000000000000000000000000000000000000000000000000000000000B9
:20A7A000000000000000000000000000000000000000000000000000000000000000000099
:20A7C000000000000000000000000000000000000000000000000000000000000000000079
:20A7E000000000000000000000000000000000000000000000000000000000000000000059
:20A80000000000000000000000000000000000000000000000000000000000000000000038
:20A82000000000000000000000000000000000000000000000000000000000000000000018
:20A840000000000000000000000000000000000000000000000000000000000000000000F8
:20A860000000000000000000000000000000000000000000000000000000000000000000D8
:20A880000000000000000000000000000000000000000000000000000000000000000000B8
:20A8A000000000000000000000000000000000000000000000000000000000000000000098
:20A8C000000000000000000000000000000000000000000000000000000000000000000078
:20A8E000000000000000000000000000000000000000000000000000000000000000000058
:20A90000000000000000000000000000000000000000000000000000000000000000000037
:20A92000000000000000000000000000000000000000000000000000000000000000000017
:20A940000000000000000000000000000000000000000000000000000000000000000000F7
:20A960000000000000000000000000000000000000000000000000000000000000000000D7
:20A980000000000000000000000000000000000000000000000000000000000000000000B7
:20A9A000000000000000000000000000000000000000000000000000000000000000000097
:20A9C000000000000000000000000000000000000000000000000000000000000000000077
:20A9E000000000000000000000000000000000000000000000000000000000000000000057
:20AA0000000000000000000000000000000000000000000000000000000000000000000036
:20AA2000000000000000000000000000000000000000000000000000000000000000000016
:20AA40000000000000000000000000000000000000000000000000000000000000000000F6
:20AA60000000000000000000000000000000000000000000000000000000000000000000D6
:20AA80000000000000000000000000000000000000000000000000000000000000000000B6
:20AAA000000000000000000000000000000000000000000000000000000000000000000096
:20AAC000000000000000000000000000000000000000000000000000000000000000000076
:20AAE000000000000000000000000000000000000000000000000000000000000000000056
:20AB0000000000000000000000000000000000000000000000000000000000000000000035
:20AB2000000000000000000000000000000000000000000000000000000000000000000015
:20AB40000000000000000000000000000000000000000000000000000000000000000000F5
:20AB60000000000000000000000000000000000000000000000000000000000000000000D5
:20AB80000000000000000000000000000000000000000000000000000000000000000000B5
:20ABA000000000000000000000000000000000000000000000000000000000000000000095
:20ABC000000000000000000000000000000000000000000000000000000000000000000075
:20ABE000000000000000000000000000000000000000000000000000000000000000000055
:20AC0000000000000000000000000000000000000000000000000000000000000000000034
:20AC2000000000000000000000000000000000000000000000000000000000000000000014
:20AC40000000000000000000000000000000000000000000000000000000000000000000F4
:20AC60000000000000000000000000000000000000000000000000000000000000000000D4
:20AC80000000000000000000000000000000000000000000000000000000000000000000B4
:20ACA000000000000000000000000000000000000000000000000000000000000000000094
:20ACC000000000000000000000000000000000000000000000000000000000000000000074
:20ACE000000000000000000000000000000000000000000000000000000000000000000054
:20AD0000000000000000000000000000000000000000000000000000000000000000000033
:20AD2000000000000000000000000000000000000000000000000000000000000000000013
:20AD40000000000000000000000000000000000000000000000000000000000000000000F3
:20AD60000000000000000000000000000000000000000000000000000000000000000000D3
:20AD80000000000000000000000000000000000000000000000000000000000000000000B3
:20ADA000000000000000000000000000000000000000000000000000000000000000000093
:20ADC000000000000000000000000000000000000000000000000000000000000000000073
:20ADE000000000000000000000000000000000000000000000000000000000000000000053
:20AE0000000000000000000000000000000000000000000000000000000000000000000032
:20AE2000000000000000000000000000000000000000000000000000000000000000000012
:20AE40000000000000000000000000000000000000000000000000000000000000000000F2
:20AE60000000000000000000000000000000000000000000000000000000000000000000D2
:20AE80000000000000000000000000000000000000000000000000000000000000000000B2
:20AEA000000000000000000000000000000000000000000000000000000000000000000092
:20AEC000000000000000000000000000000000000000000000000000000000000000000072
:20AEE000000000000000000000000000000000000000000000000000000000000000000052
:20AF0000000000000000000000000000000000000000000000000000000000000000000031
:20AF2000000000000000000000000000000000000000000000000000000000000000000011
:20AF40000000000000000000000000000000000000000000000000000000000000000000F1
:20AF60000000000000000000000000000000000000000000000000000000000000000000D1
:20AF80000000000000000000000000000000000000000000000000000000000000000000B1
:20AFA000000000000000000000000000000000000000000000000000000000000000000091
:20AFC000000000000000000000000000000000000000000000000000000000000000000071
:20AFE000000000000000000000000000000000000000000000000000000000000000000051
:20B00000000000000000000000000000000000000000000000000000000000000000000030
:20B02000000000000000000000000000000000000000000000000000000000000000000010
:20B040000000000000000000000000000000000000000000000000000000000000000000F0
:20B060000000000000000000000000000000000000000000000000000000000000000000D0
:20B080000000000000000000000000000000000000000000000000000000000000000000B0
:20B0A000000000000000000000000000000000000000000000000000000000000000000090
:20B0C000000000000000000000000000000000000000000000000000000000000000000070
:20B0E000000000000000000000000000000000000000000000000000000000000000000050
:20B1000000000000000000000000000000000000000000000000000000000000000000002F
:20B1200000000000000000000000000000000000000000000000000000000000000000000F
:20B140000000000000000000000000000000000000000000000000000000000000000000EF
:20B160000000000000000000000000000000000000000000000000000000000000000000CF
:20B180000000000000000000000000000000000000000000000000000000000000000000AF
:20B1A00000000000000000000000000000000000000000000000000000000000000000008F
:20B1C00000000000000000000000000000000000000000000000000000000000000000006F
:20B1E00000000000000000000000000000000000000000000000000000000000000000004F
:20B2000000000000000000000000000000000000000000000000000000000000000000002E
:20B2200000000000000000000000000000000000000000000000000000000000000000000E
:20B240000000000000000000000000000000000000000000000000000000000000000000EE
:20B260000000000000000000000000000000000000000000000000000000000000000000CE
:20B280000000000000000000000000000000000000000000000000000000000000000000AE
:20B2A00000000000000000000000000000000000000000000000000000000000000000008E
:20B2C00000000000000000000000000000000000000000000000000000000000000000006E
:20B2E00000000000000000000000000000000000000000000000000000000000000000004E
:20B3000000000000000000000000000000000000000000000000000000000000000000002D
:20B3200000000000000000000000000000000000000000000000000000000000000000000D
:20B340000000000000000000000000000000000000000000000000000000000000000000ED
:20B360000000000000000000000000000000000000000000000000000000000000000000CD
:20B380000000000000000000000000000000000000000000000000000000000000000000AD
:20B3A00000000000000000000000000000000000000000000000000000000000000000008D
:20B3C00000000000000000000000000000000000000000000000000000000000000000006D
:20B3E00000000000000000000000000000000000000000000000000000000000000000004D
:20B4000000000000000000000000000000000000000000000000000000000000000000002C
:20B4200000000000000000000000000000000000000000000000000000000000000000000C
:20B440000000000000000000000000000000000000000000000000000000000000000000EC
:20B460000000000000000000000000000000000000000000000000000000000000000000CC
:20B480000000000000000000000000000000000000000000000000000000000000000000AC
:20B4A00000000000000000000000000000000000000000000000000000000000000000008C
:20B4C00000000000000000000000000000000000000000000000000000000000000000006C
:20B4E00000000000000000000000000000000000000000000000000000000000000000004C
:20B5000000000000000000000000000000000000000000000000000000000000000000002B
:20B5200000000000000000000000000000000000000000000000000000000000000000000B
:20B540000000000000000000000000000000000000000000000000000000000000000000EB
:20B560000000000000000000000000000000000000000000000000000000000000000000CB
:20B580000000000000000000000000000000000000000000000000000000000000000000AB
:20B5A00000000000000000000000000000000000000000000000000000000000000000008B
:20B5C00000000000000000000000000000000000000000000000000000000000000000006B
:20B5E00000000000000000000000000000000000000000000000000000000000000000004B
:20B6000000000000000000000000000000000000000000000000000000000000000000002A
:20B6200000000000000000000000000000000000000000000000000000000000000000000A
:20B640000000000000000000000000000000000000000000000000000000000000000000EA
:20B660000000000000000000000000000000000000000000000000000000000000000000CA
:20B680000000000000000000000000000000000000000000000000000000000000000000AA
:20B6A00000000000000000000000000000000000000000000000000000000000000000008A
:20B6C00000000000000000000000000000000000000000000000000000000000000000006A
:20B6E00000000000000000000000000000000000000000000000000000000000000000004A
:20B70000000000000000000000000000000000000000000000000000000000000000000029
:20B72000000000000000000000000000000000000000000000000000000000000000000009
:20B740000000000000000000000000000000000000000000000000000000000000000000E9
:20B760000000000000000000000000000000000000000000000000000000000000000000C9
:20B780000000000000000000000000000000000000000000000000000000000000000000A9
:20B7A000000000000000000000000000000000000000000000000000000000000000000089
:20B7C000000000000000000000000000000000000000000000000000000000000000000069
:20B7E000000000000000000000000000000000000000000000000000000000000000000049
:20B80000000000000000000000000000000000000000000000000000000000000000000028
:20B82000000000000000000000000000000000000000000000000000000000000000000008
:20B840000000000000000000000000000000000000000000000000000000000000000000E8
:20B860000000000000000000000000000000000000000000000000000000000000000000C8
:20B880000000000000000000000000000000000000000000000000000000000000000000A8
:20B8A000000000000000000000000000000000000000000000000000000000000000000088
:20B8C000000000000000000000000000000000000000000000000000000000000000000068
:20B8E000000000000000000000000000000000000000000000000000000000000000000048
:20B90000000000000000000000000000000000000000000000000000000000000000000027
:20B92000000000000000000000000000000000000000000000000000000000000000000007
:20B940000000000000000000000000000000000000000000000000000000000000000000E7
:20B960000000000000000000000000000000000000000000000000000000000000000000C7
:20B980000000000000000000000000000000000000000000000000000000000000000000A7
:20B9A000000000000000000000000000000000000000000000000000000000000000000087
:20B9C000000000000000000000000000000000000000000000000000000000000000000067
:20B9E000000000000000000000000000000000000000000000000000000000000000000047
:20BA0000000000000000000000000000000000000000000000000000000000000000000026
:20BA2000000000000000000000000000000000000000000000000000000000000000000006
:20BA40000000000000000000000000000000000000000000000000000000000000000000E6
:20BA60000000000000000000000000000000000000000000000000000000000000000000C6
:20BA80000000000000000000000000000000000000000000000000000000000000000000A6
:20BAA000000000000000000000000000000000000000000000000000000000000000000086
:20BAC000000000000000000000000000000000000000000000000000000000000000000066
:20BAE000000000000000000000000000000000000000000000000000000000000000000046
:20BB0000000000000000000000000000000000000000000000000000000000000000000025
:20BB2000000000000000000000000000000000000000000000000000000000000000000005
:20BB40000000000000000000000000000000000000000000000000000000000000000000E5
:20BB60000000000000000000000000000000000000000000000000000000000000000000C5
:20BB80000000000000000000000000000000000000000000000000000000000000000000A5
:20BBA000000000000000000000000000000000000000000000000000000000000000000085
:20BBC000000000000000000000000000000000000000000000000000000000000000000065
:20BBE000000000000000000000000000000000000000000000000000000000000000000045
:20BC0000000000000000000000000000000000000000000000000000000000000000000024
:20BC2000000000000000000000000000000000000000000000000000000000000000000004
:20BC40000000000000000000000000000000000000000000000000000000000000000000E4
:20BC60000000000000000000000000000000000000000000000000000000000000000000C4
:20BC80000000000000000000000000000000000000000000000000000000000000000000A4
:20BCA000000000000000000000000000000000000000000000000000000000000000000084
:20BCC000000000000000000000000000000000000000000000000000000000000000000064
:20BCE000000000000000000000000000000000000000000000000000000000000000000044
:20BD0000000000000000000000000000000000000000000000000000000000000000000023
:20BD2000000000000000000000000000000000000000000000000000000000000000000003
:20BD40000000000000000000000000000000000000000000000000000000000000000000E3
:20BD60000000000000000000000000000000000000000000000000000000000000000000C3
:20BD80000000000000000000000000000000000000000000000000000000000000000000A3
:20BDA000000000000000000000000000000000000000000000000000000000000000000083
:20BDC000000000000000000000000000000000000000000000000000000000000000000063
:20BDE000000000000000000000000000000000000000000000000000000000000000000043
:20BE0000000000000000000000000000000000000000000000000000000000000000000022
:20BE2000000000000000000000000000000000000000000000000000000000000000000002
:20BE40000000000000000000000000000000000000000000000000000000000000000000E2
:20BE60000000000000000000000000000000000000000000000000000000000000000000C2
:20BE80000000000000000000000000000000000000000000000000000000000000000000A2
:20BEA000000000000000000000000000000000000000000000000000000000000000000082
:20BEC000000000000000000000000000000000000000000000000000000000000000000062
:20BEE000000000000000000000000000000000000000000000000000000000000000000042
:20BF0000000000000000000000000000000000000000000000000000000000000000000021
:20BF2000000000000000000000000000000000000000000000000000000000000000000001
:20BF40000000000000000000000000000000000000000000000000000000000000000000E1
:20BF60000000000000000000000000000000000000000000000000000000000000000000C1
:20BF80000000000000000000000000000000000000000000000000000000000000000000A1
:20BFA000000000000000000000000000000000000000000000000000000000000000000081
:20BFC000000000000000000000000000000000000000000000000000000000000000000061
:20BFE000000000000000000000000000000000000000000000000000000000000000000041
:20C00000000000000000000000000000000000000000000000000000000000000000000020
:20C02000000000000000000000000000000000000000000000000000000000000000000000
:20C040000000000000000000000000000000000000000000000000000000000000000000E0
:20C060000000000000000000000000000000000000000000000000000000000000000000C0
:20C080000000000000000000000000000000000000000000000000000000000000000000A0
:20C0A000000000000000000000000000000000000000000000000000000000000000000080
:20C0C000000000000000000000000000000000000000000000000000000000000000000060
:20C0E000000000000000000000000000000000000000000000000000000000000000000040
:20C1000000000000000000000000000000000000000000000000000000000000000000001F
:20C120000000000000000000000000000000000000000000000000000000000000000000FF
:20C140000000000000000000000000000000000000000000000000000000000000000000DF
:20C160000000000000000000000000000000000000000000000000000000000000000000BF
:20C1800000000000000000000000000000000000000000000000000000000000000000009F
:20C1A00000000000000000000000000000000000000000000000000000000000000000007F
:20C1C00000000000000000000000000000000000000000000000000000000000000000005F
:20C1E00000000000000000000000000000000000000000000000000000000000000000003F
:20C2000000000000000000000000000000000000000000000000000000000000000000001E
:20C220000000000000000000000000000000000000000000000000000000000000000000FE
:20C240000000000000000000000000000000000000000000000000000000000000000000DE
:20C260000000000000000000000000000000000000000000000000000000000000000000BE
:20C2800000000000000000000000000000000000000000000000000000000000000000009E
:20C2A00000000000000000000000000000000000000000000000000000000000000000007E
:20C2C00000000000000000000000000000000000000000000000000000000000000000005E
:20C2E00000000000000000000000000000000000000000000000000000000000000000003E
:20C3000000000000000000000000000000000000000000000000000000000000000000001D
:20C320000000000000000000000000000000000000000000000000000000000000000000FD
:20C340000000000000000000000000000000000000000000000000000000000000000000DD
:20C360000000000000000000000000000000000000000000000000000000000000000000BD
:20C3800000000000000000000000000000000000000000000000000000000000000000009D
:20C3A00000000000000000000000000000000000000000000000000000000000000000007D
:20C3C00000000000000000000000000000000000000000000000000000000000000000005D
:20C3E00000000000000000000000000000000000000000000000000000000000000000003D
:20C4000000000000000000000000000000000000000000000000000000000000000000001C
:20C420000000000000000000000000000000000000000000000000000000000000000000FC
:20C440000000000000000000000000000000000000000000000000000000000000000000DC
:20C460000000000000000000000000000000000000000000000000000000000000000000BC
:20C4800000000000000000000000000000000000000000000000000000000000000000009C
:20C4A00000000000000000000000000000000000000000000000000000000000000000007C
:20C4C00000000000000000000000000000000000000000000000000000000000000000005C
:20C4E00000000000000000000000000000000000000000000000000000000000000000003C
:20C5000000000000000000000000000000000000000000000000000000000000000000001B
:20C520000000000000000000000000000000000000000000000000000000000000000000FB
:20C540000000000000000000000000000000000000000000000000000000000000000000DB
:20C560000000000000000000000000000000000000000000000000000000000000000000BB
:20C5800000000000000000000000000000000000000000000000000000000000000000009B
:20C5A00000000000000000000000000000000000000000000000000000000000000000007B
:20C5C00000000000000000000000000000000000000000000000000000000000000000005B
:20C5E00000000000000000000000000000000000000000000000000000000000000000003B
:20C6000000000000000000000000000000000000000000000000000000000000000000001A
:20C620000000000000000000000000000000000000000000000000000000000000000000FA
:20C640000000000000000000000000000000000000000000000000000000000000000000DA
:20C660000000000000000000000000000000000000000000000000000000000000000000BA
:20C6800000000000000000000000000000000000000000000000000000000000000000009A
:20C6A00000000000000000000000000000000000000000000000000000000000000000007A
:20C6C00000000000000000000000000000000000000000000000000000000000000000005A
:20C6E00000000000000000000000000000000000000000000000000000000000000000003A
:20C70000000000000000000000000000000000000000000000000000000000000000000019
:20C720000000000000000000000000000000000000000000000000000000000000000000F9
:20C740000000000000000000000000000000000000000000000000000000000000000000D9
:20C760000000000000000000000000000000000000000000000000000000000000000000B9
:20C78000000000000000000000000000000000000000000000000000000000000000000099
:20C7A000000000000000000000000000000000000000000000000000000000000000000079
:20C7C000000000000000000000000000000000000000000000000000000000000000000059
:20C7E000000000000000000000000000000000000000000000000000000000000000000039
:20C80000000000000000000000000000000000000000000000000000000000000000000018
:20C820000000000000000000000000000000000000000000000000000000000000000000F8
:20C840000000000000000000000000000000000000000000000000000000000000000000D8
:20C860000000000000000000000000000000000000000000000000000000000000000000B8
:20C88000000000000000000000000000000000000000000000000000000000000000000098
:20C8A000000000000000000000000000000000000000000000000000000000000000000078
:20C8C000000000000000000000000000000000000000000000000000000000000000000058
:20C8E000000000000000000000000000000000000000000000000000000000000000000038
:20C90000000000000000000000000000000000000000000000000000000000000000000017
:20C920000000000000000000000000000000000000000000000000000000000000000000F7
:20C940000000000000000000000000000000000000000000000000000000000000000000D7
:20C960000000000000000000000000000000000000000000000000000000000000000000B7
:20C98000000000000000000000000000000000000000000000000000000000000000000097
:20C9A000000000000000000000000000000000000000000000000000000000000000000077
:20C9C000000000000000000000000000000000000000000000000000000000000000000057
:20C9E000000000000000000000000000000000000000000000000000000000000000000037
:20CA0000000000000000000000000000000000000000000000000000000000000000000016
:20CA20000000000000000000000000000000000000000000000000000000000000000000F6
:20CA40000000000000000000000000000000000000000000000000000000000000000000D6
:20CA60000000000000000000000000000000000000000000000000000000000000000000B6
:20CA8000000000000000000000000000000000000000000000000000000000000000000096
:20CAA000000000000000000000000000000000000000000000000000000000000000000076
:20CAC000000000000000000000000000000000000000000000000000000000000000000056
:20CAE000000000000000000000000000000000000000000000000000000000000000000036
:20CB0000000000000000000000000000000000000000000000000000000000000000000015
:20CB20000000000000000000000000000000000000000000000000000000000000000000F5
:20CB40000000000000000000000000000000000000000000000000000000000000000000D5
:20CB60000000000000000000000000000000000000000000000000000000000000000000B5
:20CB8000000000000000000000000000000000000000000000000000000000000000000095
:20CBA000000000000000000000000000000000000000000000000000000000000000000075
:20CBC000000000000000000000000000000000000000000000000000000000000000000055
:20CBE000000000000000000000000000000000000000000000000000000000000000000035
:20CC0000000000000000000000000000000000000000000000000000000000000000000014
:20CC20000000000000000000000000000000000000000000000000000000000000000000F4
:20CC40000000000000000000000000000000000000000000000000000000000000000000D4
:20CC60000000000000000000000000000000000000000000000000000000000000000000B4
:20CC8000000000000000000000000000000000000000000000000000000000000000000094
:20CCA000000000000000000000000000000000000000000000000000000000000000000074
:20CCC000000000000000000000000000000000000000000000000000000000000000000054
:20CCE000000000000000000000000000000000000000000000000000000000000000000034
:20CD0000000000000000000000000000000000000000000000000000000000000000000013
:20CD20000000000000000000000000000000000000000000000000000000000000000000F3
:20CD40000000000000000000000000000000000000000000000000000000000000000000D3
:20CD60000000000000000000000000000000000000000000000000000000000000000000B3
:20CD8000000000000000000000000000000000000000000000000000000000000000000093
:20CDA000000000000000000000000000000000000000000000000000000000000000000073
:20CDC000000000000000000000000000000000000000000000000000000000000000000053
:20CDE000000000000000000000000000000000000000000000000000000000000000000033
:20CE0000000000000000000000000000000000000000000000000000000000000000000012
:20CE20000000000000000000000000000000000000000000000000000000000000000000F2
:20CE40000000000000000000000000000000000000000000000000000000000000000000D2
:20CE60000000000000000000000000000000000000000000000000000000000000000000B2
:20CE8000000000000000000000000000000000000000000000000000000000000000000092
:20CEA000000000000000000000000000000000000000000000000000000000000000000072
:20CEC000000000000000000000000000000000000000000000000000000000000000000052
:20CEE000000000000000000000000000000000000000000000000000000000000000000032
:20CF0000000000000000000000000000000000000000000000000000000000000000000011
:20CF20000000000000000000000000000000000000000000000000000000000000000000F1
:20CF40000000000000000000000000000000000000000000000000000000000000000000D1
:20CF60000000000000000000000000000000000000000000000000000000000000000000B1
:20CF8000000000000000000000000000000000000000000000000000000000000000000091
:20CFA000000000000000000000000000000000000000000000000000000000000000000071
:20CFC000000000000000000000000000000000000000000000000000000000000000000051
:20CFE000000000000000000000000000000000000000000000000000000000000000000031
:20D00000000000000000000000000000000000000000000000000000000000000000000010
:20D020000000000000000000000000000000000000000000000000000000000000000000F0
:20D040000000000000000000000000000000000000000000000000000000000000000000D0
:20D060000000000000000000000000000000000000000000000000000000000000000000B0
:20D08000000000000000000000000000000000000000000000000000000000000000000090
:20D0A000000000000000000000000000000000000000000000000000000000000000000070
:20D0C000000000000000000000000000000000000000000000000000000000000000000050
:20D0E000000000000000000000000000000000000000000000000000000000000000000030
:20D1000000000000000000000000000000000000000000000000000000000000000000000F
:20D120000000000000000000000000000000000000000000000000000000000000000000EF
:20D140000000000000000000000000000000000000000000000000000000000000000000CF
:20D160000000000000000000000000000000000000000000000000000000000000000000AF
:20D1800000000000000000000000000000000000000000000000000000000000000000008F
:20D1A00000000000000000000000000000000000000000000000000000000000000000006F
:20D1C00000000000000000000000000000000000000000000000000000000000000000004F
:20D1E00000000000000000000000000000000000000000000000000000000000000000002F
:20D2000000000000000000000000000000000000000000000000000000000000000000000E
:20D220000000000000000000000000000000000000000000000000000000000000000000EE
:20D240000000000000000000000000000000000000000000000000000000000000000000CE
:20D260000000000000000000000000000000000000000000000000000000000000000000AE
:20D2800000000000000000000000000000000000000000000000000000000000000000008E
:20D2A00000000000000000000000000000000000000000000000000000000000000000006E
:20D2C00000000000000000000000000000000000000000000000000000000000000000004E
:20D2E00000000000000000000000000000000000000000000000000000000000000000002E
:20D3000000000000000000000000000000000000000000000000000000000000000000000D
:20D320000000000000000000000000000000000000000000000000000000000000000000ED
:20D340000000000000000000000000000000000000000000000000000000000000000000CD
:20D360000000000000000000000000000000000000000000000000000000000000000000AD
:20D3800000000000000000000000000000000000000000000000000000000000000000008D
:20D3A00000000000000000000000000000000000000000000000000000000000000000006D
:20D3C00000000000000000000000000000000000000000000000000000000000000000004D
:20D3E00000000000000000000000000000000000000000000000000000000000000000002D
:20D4000000000000000000000000000000000000000000000000000000000000000000000C
:20D420000000000000000000000000000000000000000000000000000000000000000000EC
:20D440000000000000000000000000000000000000000000000000000000000000000000CC
:20D460000000000000000000000000000000000000000000000000000000000000000000AC
:20D4800000000000000000000000000000000000000000000000000000000000000000008C
:20D4A00000000000000000000000000000000000000000000000000000000000000000006C
:20D4C00000000000000000000000000000000000000000000000000000000000000000004C
:20D4E00000000000000000000000000000000000000000000000000000000000000000002C
:20D5000000000000000000000000000000000000000000000000000000000000000000000B
:20D520000000000000000000000000000000000000000000000000000000000000000000EB
:20D540000000000000000000000000000000000000000000000000000000000000000000CB
:20D560000000000000000000000000000000000000000000000000000000000000000000AB
:20D5800000000000000000000000000000000000000000000000000000000000000000008B
:20D5A00000000000000000000000000000000000000000000000000000000000000000006B
:20D5C00000000000000000000000000000000000000000000000000000000000000000004B
:20D5E00000000000000000000000000000000000000000000000000000000000000000002B
:20D6000000000000000000000000000000000000000000000000000000000000000000000A
:20D620000000000000000000000000000000000000000000000000000000000000000000EA
:20D640000000000000000000000000000000000000000000000000000000000000000000CA
:20D660000000000000000000000000000000000000000000000000000000000000000000AA
:20D6800000000000000000000000000000000000000000000000000000000000000000008A
:20D6A00000000000000000000000000000000000000000000000000000000000000000006A
:20D6C00000000000000000000000000000000000000000000000000000000000000000004A
:20D6E00000000000000000000000000000000000000000000000000000000000000000002A
:20D70000000000000000000000000000000000000000000000000000000000000000000009
:20D720000000000000000000000000000000000000000000000000000000000000000000E9
:20D740000000000000000000000000000000000000000000000000000000000000000000C9
:20D760000000000000000000000000000000000000000000000000000000000000000000A9
:20D78000000000000000000000000000000000000000000000000000000000000000000089
:20D7A000000000000000000000000000000000000000000000000000000000000000000069
:20D7C000000000000000000000000000000000000000000000000000000000000000000049
:20D7E000000000000000000000000000000000000000000000000000000000000000000029
:20D80000000000000000000000000000000000000000000000000000000000000000000008
:20D820000000000000000000000000000000000000000000000000000000000000000000E8
:20D840000000000000000000000000000000000000000000000000000000000000000000C8
:20D860000000000000000000000000000000000000000000000000000000000000000000A8
:20D88000000000000000000000000000000000000000000000000000000000000000000088
:20D8A000000000000000000000000000000000000000000000000000000000000000000068
:20D8C000000000000000000000000000000000000000000000000000000000000000000048
:20D8E000000000000000000000000000000000000000000000000000000000000000000028
:20D90000000000000000000000000000000000000000000000000000000000000000000007
:20D920000000000000000000000000000000000000000000000000000000000000000000E7
:20D940000000000000000000000000000000000000000000000000000000000000000000C7
:20D960000000000000000000000000000000000000000000000000000000000000000000A7
:20D98000000000000000000000000000000000000000000000000000000000000000000087
:20D9A000000000000000000000000000000000000000000000000000000000000000000067
:20D9C000000000000000000000000000000000000000000000000000000000000000000047
:20D9E000000000000000000000000000000000000000000000000000000000000000000027
:20DA0000000000000000000000000000000000000000000000000000000000000000000006
:20DA20000000000000000000000000000000000000000000000000000000000000000000E6
:20DA40000000000000000000000000000000000000000000000000000000000000000000C6
:20DA60000000000000000000000000000000000000000000000000000000000000000000A6
:20DA8000000000000000000000000000000000000000000000000000000000000000000086
:20DAA000000000000000000000000000000000000000000000000000000000000000000066
:20DAC000000000000000000000000000000000000000000000000000000000000000000046
:20DAE000000000000000000000000000000000000000000000000000000000000000000026
:20DB0000000000000000000000000000000000000000000000000000000000000000000005
:20DB20000000000000000000000000000000000000000000000000000000000000000000E5
:20DB40000000000000000000000000000000000000000000000000000000000000000000C5
:20DB60000000000000000000000000000000000000000000000000000000000000000000A5
:20DB8000000000000000000000000000000000000000000000000000000000000000000085
:20DBA000000000000000000000000000000000000000000000000000000000000000000065
:20DBC000000000000000000000000000000000000000000000000000000000000000000045
:20DBE000000000000000000000000000000000000000000000000000000000000000000025
:20DC0000000000000000000000000000000000000000000000000000000000000000000004
:20DC20000000000000000000000000000000000000000000000000000000000000000000E4
:20DC40000000000000000000000000000000000000000000000000000000000000000000C4
:20DC60000000000000000000000000000000000000000000000000000000000000000000A4
:20DC8000000000000000000000000000000000000000000000000000000000000000000084
:20DCA000000000000000000000000000000000000000000000000000000000000000000064
:20DCC000000000000000000000000000000000000000000000000000000000000000000044
:20DCE000000000000000000000000000000000000000000000000000000000000000000024
:20DD0000000000000000000000000000000000000000000000000000000000000000000003
:20DD20000000000000000000000000000000000000000000000000000000000000000000E3
:20DD40000000000000000000000000000000000000000000000000000000000000000000C3
:20DD60000000000000000000000000000000000000000000000000000000000000000000A3
:20DD8000000000000000000000000000000000000000000000000000000000000000000083
:20DDA000000000000000000000000000000000000000000000000000000000000000000063
:20DDC000000000000000000000000000000000000000000000000000000000000000000043
:20DDE000000000000000000000000000000000000000000000000000000000000000000023
:20DE0000000000000000000000000000000000000000000000000000000000000000000002
:20DE20000000000000000000000000000000000000000000000000000000000000000000E2
:20DE40000000000000000000000000000000000000000000000000000000000000000000C2
:20DE60000000000000000000000000000000000000000000000000000000000000000000A2
:20DE8000000000000000000000000000000000000000000000000000000000000000000082
:20DEA000000000000000000000000000000000000000000000000000000000000000000062
:20DEC000000000000000000000000000000000000000000000000000000000000000000042
:20DEE000000000000000000000000000000000000000000000000000000000000000000022
:20DF0000000000000000000000000000000000000000000000000000000000000000000001
:20DF20000000000000000000000000000000000000000000000000000000000000000000E1
:20DF40000000000000000000000000000000000000000000000000000000000000000000C1
:20DF60000000000000000000000000000000000000000000000000000000000000000000A1
:20DF8000000000000000000000000000000000000000000000000000000000000000000081
:20DFA000000000000000000000000000000000000000000000000000000000000000000061
:20DFC000000000000000000000000000000000000000000000000000000000000000000041
:20DFE000000000000000000000000000000000000000000000000000000000000000000021
:20E00000000000000000000000000000000000000000000000000000000000000000000000
:20E020000000000000000000000000000000000000000000000000000000000000000000E0
:20E040000000000000000000000000000000000000000000000000000000000000000000C0
:20E060000000000000000000000000000000000000000000000000000000000000000000A0
:20E08000000000000000000000000000000000000000000000000000000000000000000080
:20E0A000000000000000000000000000000000000000000000000000000000000000000060
:20E0C000000000000000000000000000000000000000000000000000000000000000000040
:20E0E000000000000000000000000000000000000000000000000000000000000000000020
:20E100000000000000000000000000000000000000000000000000000000000000000000FF
:20E120000000000000000000000000000000000000000000000000000000000000000000DF
:20E140000000000000000000000000000000000000000000000000000000000000000000BF
:20E1600000000000000000000000000000000000000000000000000000000000000000009F
:20E1800000000000000000000000000000000000000000000000000000000000000000007F
:20E1A00000000000000000000000000000000000000000000000000000000000000000005F
:20E1C00000000000000000000000000000000000000000000000000000000000000000003F
:20E1E00000000000000000000000000000000000000000000000000000000000000000001F
:20E200000000000000000000000000000000000000000000000000000000000000000000FE
:20E220000000000000000000000000000000000000000000000000000000000000000000DE
:20E240000000000000000000000000000000000000000000000000000000000000000000BE
:20E2600000000000000000000000000000000000000000000000000000000000000000009E
:20E2800000000000000000000000000000000000000000000000000000000000000000007E
:20E2A00000000000000000000000000000000000000000000000000000000000000000005E
:20E2C00000000000000000000000000000000000000000000000000000000000000000003E
:20E2E00000000000000000000000000000000000000000000000000000000000000000001E
:20E300000000000000000000000000000000000000000000000000000000000000000000FD
:20E320000000000000000000000000000000000000000000000000000000000000000000DD
:20E340000000000000000000000000000000000000000000000000000000000000000000BD
:20E3600000000000000000000000000000000000000000000000000000000000000000009D
:20E3800000000000000000000000000000000000000000000000000000000000000000007D
:20E3A00000000000000000000000000000000000000000000000000000000000000000005D
:20E3C00000000000000000000000000000000000000000000000000000000000000000003D
:20E3E00000000000000000000000000000000000000000000000000000000000000000001D
:20E400000000000000000000000000000000000000000000000000000000000000000000FC
:20E420000000000000000000000000000000000000000000000000000000000000000000DC
:20E440000000000000000000000000000000000000000000000000000000000000000000BC
:20E4600000000000000000000000000000000000000000000000000000000000000000009C
:20E4800000000000000000000000000000000000000000000000000000000000000000007C
:20E4A00000000000000000000000000000000000000000000000000000000000000000005C
:20E4C00000000000000000000000000000000000000000000000000000000000000000003C
:20E4E00000000000000000000000000000000000000000000000000000000000000000001C
:20E500000000000000000000000000000000000000000000000000000000000000000000FB
:20E520000000000000000000000000000000000000000000000000000000000000000000DB
:20E540000000000000000000000000000000000000000000000000000000000000000000BB
:20E5600000000000000000000000000000000000000000000000000000000000000000009B
:20E5800000000000000000000000000000000000000000000000000000000000000000007B
:20E5A00000000000000000000000000000000000000000000000000000000000000000005B
:20E5C00000000000000000000000000000000000000000000000000000000000000000003B
:20E5E00000000000000000000000000000000000000000000000000000000000000000001B
:20E600000000000000000000000000000000000000000000000000000000000000000000FA
:20E620000000000000000000000000000000000000000000000000000000000000000000DA
:20E640000000000000000000000000000000000000000000000000000000000000000000BA
:20E6600000000000000000000000000000000000000000000000000000000000000000009A
:20E6800000000000000000000000000000000000000000000000000000000000000000007A
:20E6A00000000000000000000000000000000000000000000000000000000000000000005A
:20E6C00000000000000000000000000000000000000000000000000000000000000000003A
:20E6E00000000000000000000000000000000000000000000000000000000000000000001A
:20E700000000000000000000000000000000000000000000000000000000000000000000F9
:20E720000000000000000000000000000000000000000000000000000000000000000000D9
:20E740000000000000000000000000000000000000000000000000000000000000000000B9
:20E76000000000000000000000000000000000000000000000000000000000000000000099
:20E78000000000000000000000000000000000000000000000000000000000000000000079
:20E7A000000000000000000000000000000000000000000000000000000000000000000059
:20E7C000000000000000000000000000000000000000000000000000000000000000000039
:20E7E000000000000000000000000000000000000000000000000000000000000000000019
:20E800000000000000000000000000000000000000000000000000000000000000000000F8
:20E820000000000000000000000000000000000000000000000000000000000000000000D8
:20E840000000000000000000000000000000000000000000000000000000000000000000B8
:20E86000000000000000000000000000000000000000000000000000000000000000000098
:20E88000000000000000000000000000000000000000000000000000000000000000000078
:20E8A000000000000000000000000000000000000000000000000000000000000000000058
:20E8C000000000000000000000000000000000000000000000000000000000000000000038
:20E8E000000000000000000000000000000000000000000000000000000000000000000018
:20E900000000000000000000000000000000000000000000000000000000000000000000F7
:20E920000000000000000000000000000000000000000000000000000000000000000000D7
:20E940000000000000000000000000000000000000000000000000000000000000000000B7
:20E96000000000000000000000000000000000000000000000000000000000000000000097
:20E98000000000000000000000000000000000000000000000000000000000000000000077
:20E9A000000000000000000000000000000000000000000000000000000000000000000057
:20E9C000000000000000000000000000000000000000000000000000000000000000000037
:20E9E000000000000000000000000000000000000000000000000000000000000000000017
:20EA00000000000000000000000000000000000000000000000000000000000000000000F6
:20EA20000000000000000000000000000000000000000000000000000000000000000000D6
:20EA40000000000000000000000000000000000000000000000000000000000000000000B6
:20EA6000000000000000000000000000000000000000000000000000000000000000000096
:20EA8000000000000000000000000000000000000000000000000000000000000000000076
:20EAA000000000000000000000000000000000000000000000000000000000000000000056
:20EAC000000000000000000000000000000000000000000000000000000000000000000036
:20EAE000000000000000000000000000000000000000000000000000000000000000000016
:20EB00000000000000000000000000000000000000000000000000000000000000000000F5
:20EB20000000000000000000000000000000000000000000000000000000000000000000D5
:20EB40000000000000000000000000000000000000000000000000000000000000000000B5
:20EB6000000000000000000000000000000000000000000000000000000000000000000095
:20EB8000000000000000000000000000000000000000000000000000000000000000000075
:20EBA000000000000000000000000000000000000000000000000000000000000000000055
:20EBC000000000000000000000000000000000000000000000000000000000000000000035
:20EBE000000000000000000000000000000000000000000000000000000000000000000015
:20EC00000000000000000000000000000000000000000000000000000000000000000000F4
:20EC20000000000000000000000000000000000000000000000000000000000000000000D4
:20EC40000000000000000000000000000000000000000000000000000000000000000000B4
:20EC6000000000000000000000000000000000000000000000000000000000000000000094
:20EC8000000000000000000000000000000000000000000000000000000000000000000074
:20ECA000000000000000000000000000000000000000000000000000000000000000000054
:20ECC000000000000000000000000000000000000000000000000000000000000000000034
:20ECE000000000000000000000000000000000000000000000000000000000000000000014
:20ED00000000000000000000000000000000000000000000000000000000000000000000F3
:20ED20000000000000000000000000000000000000000000000000000000000000000000D3
:20ED40000000000000000000000000000000000000000000000000000000000000000000B3
:20ED6000000000000000000000000000000000000000000000000000000000000000000093
:20ED8000000000000000000000000000000000000000000000000000000000000000000073
:20EDA000000000000000000000000000000000000000000000000000000000000000000053
:20EDC000000000000000000000000000000000000000000000000000000000000000000033
:20EDE000000000000000000000000000000000000000000000000000000000000000000013
:20EE00000000000000000000000000000000000000000000000000000000000000000000F2
:20EE20000000000000000000000000000000000000000000000000000000000000000000D2
:20EE40000000000000000000000000000000000000000000000000000000000000000000B2
:20EE6000000000000000000000000000000000000000000000000000000000000000000092
:20EE8000000000000000000000000000000000000000000000000000000000000000000072
:20EEA000000000000000000000000000000000000000000000000000000000000000000052
:20EEC000000000000000000000000000000000000000000000000000000000000000000032
:20EEE000000000000000000000000000000000000000000000000000000000000000000012
:20EF00000000000000000000000000000000000000000000000000000000000000000000F1
:20EF20000000000000000000000000000000000000000000000000000000000000000000D1
:20EF40000000000000000000000000000000000000000000000000000000000000000000B1
:20EF6000000000000000000000000000000000000000000000000000000000000000000091
:20EF8000000000000000000000000000000000000000000000000000000000000000000071
:20EFA000000000000000000000000000000000000000000000000000000000000000000051
:20EFC000000000000000000000000000000000000000000000000000000000000000000031
:20EFE000000000000000000000000000000000000000000000000000000000000000000011
:20F000000000000000000000000000000000000000000000000000000000000000000000F0
:20F020000000000000000000000000000000000000000000000000000000000000000000D0
:20F040000000000000000000000000000000000000000000000000000000000000000000B0
:20F06000000000000000000000000000000000000000000000000000000000000000000090
:20F08000000000000000000000000000000000000000000000000000000000000000000070
:20F0A000000000000000000000000000000000000000000000000000000000000000000050
:20F0C000000000000000000000000000000000000000000000000000000000000000000030
:20F0E000000000000000000000000000000000000000000000000000000000000000000010
:20F100000000000000000000000000000000000000000000000000000000000000000000EF
:20F120000000000000000000000000000000000000000000000000000000000000000000CF
:20F140000000000000000000000000000000000000000000000000000000000000000000AF
:20F1600000000000000000000000000000000000000000000000000000000000000000008F
:20F1800000000000000000000000000000000000000000000000000000000000000000006F
:20F1A00000000000000000000000000000000000000000000000000000000000000000004F
:20F1C00000000000000000000000000000000000000000000000000000000000000000002F
:20F1E00000000000000000000000000000000000000000000000000000000000000000000F
:20F200000000000000000000000000000000000000000000000000000000000000000000EE
:20F220000000000000000000000000000000000000000000000000000000000000000000CE
:20F240000000000000000000000000000000000000000000000000000000000000000000AE
:20F2600000000000000000000000000000000000000000000000000000000000000000008E
:20F2800000000000000000000000000000000000000000000000000000000000000000006E
:20F2A00000000000000000000000000000000000000000000000000000000000000000004E
:20F2C00000000000000000000000000000000000000000000000000000000000000000002E
:20F2E00000000000000000000000000000000000000000000000000000000000000000000E
:20F300000000000000000000000000000000000000000000000000000000000000000000ED
:20F320000000000000000000000000000000000000000000000000000000000000000000CD
:20F340000000000000000000000000000000000000000000000000000000000000000000AD
:20F3600000000000000000000000000000000000000000000000000000000000000000008D
:20F3800000000000000000000000000000000000000000000000000000000000000000006D
:20F3A00000000000000000000000000000000000000000000000000000000000000000004D
:20F3C00000000000000000000000000000000000000000000000000000000000000000002D
:20F3E00000000000000000000000000000000000000000000000000000000000000000000D
:20F400000000000000000000000000000000000000000000000000000000000000000000EC
:20F420000000000000000000000000000000000000000000000000000000000000000000CC
:20F440000000000000000000000000000000000000000000000000000000000000000000AC
:20F4600000000000000000000000000000000000000000000000000000000000000000008C
:20F4800000000000000000000000000000000000000000000000000000000000000000006C
:20F4A00000000000000000000000000000000000000000000000000000000000000000004C
:20F4C00000000000000000000000000000000000000000000000000000000000000000002C
:20F4E00000000000000000000000000000000000000000000000000000000000000000000C
:20F500000000000000000000000000000000000000000000000000000000000000000000EB
:20F520000000000000000000000000000000000000000000000000000000000000000000CB
:20F540000000000000000000000000000000000000000000000000000000000000000000AB
:20F5600000000000000000000000000000000000000000000000000000000000000000008B
:20F5800000000000000000000000000000000000000000000000000000000000000000006B
:20F5A00000000000000000000000000000000000000000000000000000000000000000004B
:20F5C00000000000000000000000000000000000000000000000000000000000000000002B
:20F5E00000000000000000000000000000000000000000000000000000000000000000000B
:20F600000000000000000000000000000000000000000000000000000000000000000000EA
:20F620000000000000000000000000000000000000000000000000000000000000000000CA
:20F640000000000000000000000000000000000000000000000000000000000000000000AA
:20F6600000000000000000000000000000000000000000000000000000000000000000008A
:20F6800000000000000000000000000000000000000000000000000000000000000000006A
:20F6A00000000000000000000000000000000000000000000000000000000000000000004A
:20F6C00000000000000000000000000000000000000000000000000000000000000000002A
:20F6E00000000000000000000000000000000000000000000000000000000000000000000A
:20F700000000000000000000000000000000000000000000000000000000000000000000E9
:20F720000000000000000000000000000000000000000000000000000000000000000000C9
:20F740000000000000000000000000000000000000000000000000000000000000000000A9
:20F76000000000000000000000000000000000000000000000000000000000000000000089
:20F78000000000000000000000000000000000000000000000000000000000000000000069
:20F7A000000000000000000000000000000000000000000000000000000000000000000049
:20F7C000000000000000000000000000000000000000000000000000000000000000000029
:20F7E000000000000000000000000000000000000000000000000000000000000000000009
:20F800000000000000000000000000000000000000000000000000000000000000000000E8
:20F820000000000000000000000000000000000000000000000000000000000000000000C8
:20F840000000000000000000000000000000000000000000000000000000000000000000A8
:20F86000000000000000000000000000000000000000000000000000000000000000000088
:20F88000000000000000000000000000000000000000000000000000000000000000000068
:20F8A000000000000000000000000000000000000000000000000000000000000000000048
:20F8C000000000000000000000000000000000000000000000000000000000000000000028
:20F8E000000000000000000000000000000000000000000000000000000000000000000008
:20F900000000000000000000000000000000000000000000000000000000000000000000E7
:20F920000000000000000000000000000000000000000000000000000000000000000000C7
:20F940000000000000000000000000000000000000000000000000000000000000000000A7
:20F96000000000000000000000000000000000000000000000000000000000000000000087
:20F98000000000000000000000000000000000000000000000000000000000000000000067
:20F9A000000000000000000000000000000000000000000000000000000000000000000047
:20F9C000000000000000000000000000000000000000000000000000000000000000000027
:20F9E000000000000000000000000000000000000000000000000000000000000000000007
:20FA00000000000000000000000000000000000000000000000000000000000000000000E6
:20FA20000000000000000000000000000000000000000000000000000000000000000000C6
:20FA40000000000000000000000000000000000000000000000000000000000000000000A6
:20FA6000000000000000000000000000000000000000000000000000000000000000000086
:20FA8000000000000000000000000000000000000000000000000000000000000000000066
:20FAA000000000000000000000000000000000000000000000000000000000000000000046
:20FAC000000000000000000000000000000000000000000000000000000000000000000026
:20FAE000000000000000000000000000000000000000000000000000000000000000000006
:20FB00000000000000000000000000000000000000000000000000000000000000000000E5
:20FB20000000000000000000000000000000000000000000000000000000000000000000C5
:20FB40000000000000000000000000000000000000000000000000000000000000000000A5
:20FB6000000000000000000000000000000000000000000000000000000000000000000085
:20FB8000000000000000000000000000000000000000000000000000000000000000000065
:20FBA000000000000000000000000000000000000000000000000000000000000000000045
:20FBC000000000000000000000000000000000000000000000000000000000000000000025
:20FBE000000000000000000000000000000000000000000000000000000000000000000005
:20FC00000000000000000000000000000000000000000000000000000000000000000000E4
:20FC20000000000000000000000000000000000000000000000000000000000000000000C4
:20FC40000000000000000000000000000000000000000000000000000000000000000000A4
:20FC6000000000000000000000000000000000000000000000000000000000000000000084
:20FC8000000000000000000000000000000000000000000000000000000000000000000064
:20FCA000000000000000000000000000000000000000000000000000000000000000000044
:20FCC000000000000000000000000000000000000000000000000000000000000000000024
:20FCE000000000000000000000000000000000000000000000000000000000000000000004
:20FD00000000000000000000000000000000000000000000000000000000000000000000E3
:20FD20000000000000000000000000000000000000000000000000000000000000000000C3
:20FD40000000000000000000000000000000000000000000000000000000000000000000A3
:20FD6000000000000000000000000000000000000000000000000000000000000000000083
:20FD8000000000000000000000000000000000000000000000000000000000000000000063
:20FDA000000000000000000000000000000000000000000000000000000000000000000043
:20FDC000000000000000000000000000000000000000000000000000000000000000000023
:20FDE000000000000000000000000000000000000000000000000000000000000000000003
:20FE00000000000000000000000000000000000000000000000000000000000000000000E2
:20FE20000000000000000000000000000000000000000000000000000000000000000000C2
:20FE40000000000000000000000000000000000000000000000000000000000000000000A2
:20FE6000000000000000000000000000000000000000000000000000000000000000000082
:20FE8000000000000000000000000000000000000000000000000000000000000000000062
:20FEA000000000000000000000000000000000000000000000000000000000000000000042
:20FEC000000000000000000000000000000000000000000000000000000000000000000022
:20FEE000000000000000000000000000000000000000000000000000000000000000000002
:20FF00000000000000000000000000000000000000000000000000000000000000000000E1
:20FF20000000000000000000000000000000000000000000000000000000000000000000C1
:20FF40000000000000000000000000000000000000000000000000000000000000000000A1
:20FF6000000000000000000000000000000000000000000000000000000000000000000081
:20FF8000000000000000000000000000000000000000000000000000000000000000000061
:20FFA000000000000000000000000000000000000000000000000000000000000000000041
:20FFC000000000000000000000000000000000000000000000000000000000000000000021
:20FFE000000000000000000000000000000000000000000000000000000000000000000001
:020000040001F9
:20000000FF3FFF3FFF3FFF3F000000000000443FFF3F000000000000000000000000000027
:200020000000000000000000000000000000000000000000000000000000000000000000C0
:200040000000000000000000000000000000000000000000000000000000000000000000A0
:20006000000000000000000000000000000000000000000000000000000000000000000080
:20008000000000000000000000000000000000000000000000000000000000000000000060
:2000A000000000000000000000000000000000000000000000000000000000000000000040
:2000C000000000000000000000000000000000000000000000000000000000000000000020
:2000E000000000000000000000000000000000000000000000000000000000000000000000
:200100000000000000000000000000000000000000000000000000000000000000000000DF
:200120000000000000000000000000000000000000000000000000000000000000000000BF
:2001400000000000000000000000000000000000000000000000000000000000000000009F
:2001600000000000000000000000000000000000000000000000000000000000000000007F
:2001800000000000000000000000000000000000000000000000000000000000000000005F
:2001A00000000000000000000000000000000000000000000000000000000000000000003F
:2001C00000000000000000000000000000000000000000000000000000000000000000001F
:2001E0000000000000000000000000000000000000000000000000000000000000000000FF
:200200000000000000000000000000000000000000000000000000000000000000000000DE
:200220000000000000000000000000000000000000000000000000000000000000000000BE
:2002400000000000000000000000000000000000000000000000000000000000000000009E
:2002600000000000000000000000000000000000000000000000000000000000000000007E
:2002800000000000000000000000000000000000000000000000000000000000000000005E
:2002A00000000000000000000000000000000000000000000000000000000000000000003E
:2002C00000000000000000000000000000000000000000000000000000000000000000001E
:2002E0000000000000000000000000000000000000000000000000000000000000000000FE
:200300000000000000000000000000000000000000000000000000000000000000000000DD
:200320000000000000000000000000000000000000000000000000000000000000000000BD
:2003400000000000000000000000000000000000000000000000000000000000000000009D
:2003600000000000000000000000000000000000000000000000000000000000000000007D
:2003800000000000000000000000000000000000000000000000000000000000000000005D
:2003A00000000000000000000000000000000000000000000000000000000000000000003D
:2003C00000000000000000000000000000000000000000000000000000000000000000001D
:2003E0000000000000000000000000000000000000000000000000000000000000000000FD
:200400000000000000000000000000000000000000000000000000000000000000000000DC
:200420000000000000000000000000000000000000000000000000000000000000000000BC
:2004400000000000000000000000000000000000000000000000000000000000000000009C
:2004600000000000000000000000000000000000000000000000000000000000000000007C
:2004800000000000000000000000000000000000000000000000000000000000000000005C
:2004A00000000000000000000000000000000000000000000000000000000000000000003C
:2004C00000000000000000000000000000000000000000000000000000000000000000001C
:2004E0000000000000000000000000000000000000000000000000000000000000000000FC
:200500000000000000000000000000000000000000000000000000000000000000000000DB
:200520000000000000000000000000000000000000000000000000000000000000000000BB
:2005400000000000000000000000000000000000000000000000000000000000000000009B
:2005600000000000000000000000000000000000000000000000000000000000000000007B
:2005800000000000000000000000000000000000000000000000000000000000000000005B
:2005A00000000000000000000000000000000000000000000000000000000000000000003B
:2005C00000000000000000000000000000000000000000000000000000000000000000001B
:2005E0000000000000000000000000000000000000000000000000000000000000000000FB
:200600000000000000000000000000000000000000000000000000000000000000000000DA
:200620000000000000000000000000000000000000000000000000000000000000000000BA
:2006400000000000000000000000000000000000000000000000000000000000000000009A
:2006600000000000000000000000000000000000000000000000000000000000000000007A
:2006800000000000000000000000000000000000000000000000000000000000000000005A
:2006A00000000000000000000000000000000000000000000000000000000000000000003A
:2006C00000000000000000000000000000000000000000000000000000000000000000001A
:2006E0000000000000000000000000000000000000000000000000000000000000000000FA
:200700000000000000000000000000000000000000000000000000000000000000000000D9
:200720000000000000000000000000000000000000000000000000000000000000000000B9
:20074000000000000000000000000000000000000000000000000000000000000000000099
:20076000000000000000000000000000000000000000000000000000000000000000000079
:20078000000000000000000000000000000000000000000000000000000000000000000059
:2007A000000000000000000000000000000000000000000000000000000000000000000039
:2007C000000000000000000000000000000000000000000000000000000000000000000019
:2007E0000000000000000000000000000000000000000000000000000000000000000000F9
:200800000000000000000000000000000000000000000000000000000000000000000000D8
:200820000000000000000000000000000000000000000000000000000000000000000000B8
:20084000000000000000000000000000000000000000000000000000000000000000000098
:20086000000000000000000000000000000000000000000000000000000000000000000078
:20088000000000000000000000000000000000000000000000000000000000000000000058
:2008A000000000000000000000000000000000000000000000000000000000000000000038
:2008C000000000000000000000000000000000000000000000000000000000000000000018
:2008E0000000000000000000000000000000000000000000000000000000000000000000F8
:200900000000000000000000000000000000000000000000000000000000000000000000D7
:200920000000000000000000000000000000000000000000000000000000000000000000B7
:20094000000000000000000000000000000000000000000000000000000000000000000097
:20096000000000000000000000000000000000000000000000000000000000000000000077
:20098000000000000000000000000000000000000000000000000000000000000000000057
:2009A000000000000000000000000000000000000000000000000000000000000000000037
:2009C000000000000000000000000000000000000000000000000000000000000000000017
:2009E0000000000000000000000000000000000000000000000000000000000000000000F7
:200A00000000000000000000000000000000000000000000000000000000000000000000D6
:200A20000000000000000000000000000000000000000000000000000000000000000000B6
:200A4000000000000000000000000000000000000000000000000000000000000000000096
:200A6000000000000000000000000000000000000000000000000000000000000000000076
:200A8000000000000000000000000000000000000000000000000000000000000000000056
:200AA000000000000000000000000000000000000000000000000000000000000000000036
:200AC000000000000000000000000000000000000000000000000000000000000000000016
:200AE0000000000000000000000000000000000000000000000000000000000000000000F6
:200B00000000000000000000000000000000000000000000000000000000000000000000D5
:200B20000000000000000000000000000000000000000000000000000000000000000000B5
:200B4000000000000000000000000000000000000000000000000000000000000000000095
:200B6000000000000000000000000000000000000000000000000000000000000000000075
:200B8000000000000000000000000000000000000000000000000000000000000000000055
:200BA000000000000000000000000000000000000000000000000000000000000000000035
:200BC000000000000000000000000000000000000000000000000000000000000000000015
:200BE0000000000000000000000000000000000000000000000000000000000000000000F5
:200C00000000000000000000000000000000000000000000000000000000000000000000D4
:200C20000000000000000000000000000000000000000000000000000000000000000000B4
:200C4000000000000000000000000000000000000000000000000000000000000000000094
:200C6000000000000000000000000000000000000000000000000000000000000000000074
:200C8000000000000000000000000000000000000000000000000000000000000000000054
:200CA000000000000000000000000000000000000000000000000000000000000000000034
:200CC000000000000000000000000000000000000000000000000000000000000000000014
:200CE0000000000000000000000000000000000000000000000000000000000000000000F4
:200D00000000000000000000000000000000000000000000000000000000000000000000D3
:200D20000000000000000000000000000000000000000000000000000000000000000000B3
:200D4000000000000000000000000000000000000000000000000000000000000000000093
:200D6000000000000000000000000000000000000000000000000000000000000000000073
:200D8000000000000000000000000000000000000000000000000000000000000000000053
:200DA000000000000000000000000000000000000000000000000000000000000000000033
:200DC000000000000000000000000000000000000000000000000000000000000000000013
:200DE0000000000000000000000000000000000000000000000000000000000000000000F3
:200E00000000000000000000000000000000000000000000000000000000000000000000D2
:200E20000000000000000000000000000000000000000000000000000000000000000000B2
:200E4000000000000000000000000000000000000000000000000000000000000000000092
:200E6000000000000000000000000000000000000000000000000000000000000000000072
:200E8000000000000000000000000000000000000000000000000000000000000000000052
:200EA000000000000000000000000000000000000000000000000000000000000000000032
:200EC000000000000000000000000000000000000000000000000000000000000000000012
:200EE0000000000000000000000000000000000000000000000000000000000000000000F2
:200F00000000000000000000000000000000000000000000000000000000000000000000D1
:200F20000000000000000000000000000000000000000000000000000000000000000000B1
:200F4000000000000000000000000000000000000000000000000000000000000000000091
:200F6000000000000000000000000000000000000000000000000000000000000000000071
:200F8000000000000000000000000000000000000000000000000000000000000000000051
:200FA000000000000000000000000000000000000000000000000000000000000000000031
:200FC000000000000000000000000000000000000000000000000000000000000000000011
:200FE0000000000000000000000000000000000000000000000000000000000000000000F1
:201000000000000000000000000000000000000000000000000000000000000000000000D0
:201020000000000000000000000000000000000000000000000000000000000000000000B0
:20104000000000000000000000000000000000000000000000000000000000000000000090
:20106000000000000000000000000000000000000000000000000000000000000000000070
:20108000000000000000000000000000000000000000000000000000000000000000000050
:2010A000000000000000000000000000000000000000000000000000000000000000000030
:2010C000000000000000000000000000000000000000000000000000000000000000000010
:2010E0000000000000000000000000000000000000000000000000000000000000000000F0
:201100000000000000000000000000000000000000000000000000000000000000000000CF
:201120000000000000000000000000000000000000000000000000000000000000000000AF
:2011400000000000000000000000000000000000000000000000000000000000000000008F
:2011600000000000000000000000000000000000000000000000000000000000000000006F
:2011800000000000000000000000000000000000000000000000000000000000000000004F
:2011A00000000000000000000000000000000000000000000000000000000000000000002F
:2011C00000000000000000000000000000000000000000000000000000000000000000000F
:2011E0000000000000000000000000000000000000000000000000000000000000000000EF
:201200000000000000000000000000000000000000000000000000000000000000000000CE
:201220000000000000000000000000000000000000000000000000000000000000000000AE
:2012400000000000000000000000000000000000000000000000000000000000000000008E
:2012600000000000000000000000000000000000000000000000000000000000000000006E
:2012800000000000000000000000000000000000000000000000000000000000000000004E
:2012A00000000000000000000000000000000000000000000000000000000000000000002E
:2012C00000000000000000000000000000000000000000000000000000000000000000000E
:2012E0000000000000000000000000000000000000000000000000000000000000000000EE
:201300000000000000000000000000000000000000000000000000000000000000000000CD
:201320000000000000000000000000000000000000000000000000000000000000000000AD
:2013400000000000000000000000000000000000000000000000000000000000000000008D
:2013600000000000000000000000000000000000000000000000000000000000000000006D
:2013800000000000000000000000000000000000000000000000000000000000000000004D
:2013A00000000000000000000000000000000000000000000000000000000000000000002D
:2013C00000000000000000000000000000000000000000000000000000000000000000000D
:2013E0000000000000000000000000000000000000000000000000000000000000000000ED
:201400000000000000000000000000000000000000000000000000000000000000000000CC
:201420000000000000000000000000000000000000000000000000000000000000000000AC
:2014400000000000000000000000000000000000000000000000000000000000000000008C
:2014600000000000000000000000000000000000000000000000000000000000000000006C
:2014800000000000000000000000000000000000000000000000000000000000000000004C
:2014A00000000000000000000000000000000000000000000000000000000000000000002C
:2014C00000000000000000000000000000000000000000000000000000000000000000000C
:2014E0000000000000000000000000000000000000000000000000000000000000000000EC
:201500000000000000000000000000000000000000000000000000000000000000000000CB
:201520000000000000000000000000000000000000000000000000000000000000000000AB
:2015400000000000000000000000000000000000000000000000000000000000000000008B
:2015600000000000000000000000000000000000000000000000000000000000000000006B
:2015800000000000000000000000000000000000000000000000000000000000000000004B
:2015A00000000000000000000000000000000000000000000000000000000000000000002B
:2015C00000000000000000000000000000000000000000000000000000000000000000000B
:2015E0000000000000000000000000000000000000000000000000000000000000000000EB
:201600000000000000000000000000000000000000000000000000000000000000000000CA
:201620000000000000000000000000000000000000000000000000000000000000000000AA
:2016400000000000000000000000000000000000000000000000000000000000000000008A
:2016600000000000000000000000000000000000000000000000000000000000000000006A
:2016800000000000000000000000000000000000000000000000000000000000000000004A
:2016A00000000000000000000000000000000000000000000000000000000000000000002A
:2016C00000000000000000000000000000000000000000000000000000000000000000000A
:2016E0000000000000000000000000000000000000000000000000000000000000000000EA
:201700000000000000000000000000000000000000000000000000000000000000000000C9
:201720000000000000000000000000000000000000000000000000000000000000000000A9
:20174000000000000000000000000000000000000000000000000000000000000000000089
:20176000000000000000000000000000000000000000000000000000000000000000000069
:20178000000000000000000000000000000000000000000000000000000000000000000049
:2017A000000000000000000000000000000000000000000000000000000000000000000029
:2017C000000000000000000000000000000000000000000000000000000000000000000009
:2017E0000000000000000000000000000000000000000000000000000000000000000000E9
:201800000000000000000000000000000000000000000000000000000000000000000000C8
:201820000000000000000000000000000000000000000000000000000000000000000000A8
:20184000000000000000000000000000000000000000000000000000000000000000000088
:20186000000000000000000000000000000000000000000000000000000000000000000068
:20188000000000000000000000000000000000000000000000000000000000000000000048
:2018A000000000000000000000000000000000000000000000000000000000000000000028
:2018C000000000000000000000000000000000000000000000000000000000000000000008
:2018E0000000000000000000000000000000000000000000000000000000000000000000E8
:201900000000000000000000000000000000000000000000000000000000000000000000C7
:201920000000000000000000000000000000000000000000000000000000000000000000A7
:20194000000000000000000000000000000000000000000000000000000000000000000087
:20196000000000000000000000000000000000000000000000000000000000000000000067
:20198000000000000000000000000000000000000000000000000000000000000000000047
:2019A000000000000000000000000000000000000000000000000000000000000000000027
:2019C000000000000000000000000000000000000000000000000000000000000000000007
:2019E0000000000000000000000000000000000000000000000000000000000000000000E7
:201A00000000000000000000000000000000000000000000000000000000000000000000C6
:201A20000000000000000000000000000000000000000000000000000000000000000000A6
:201A4000000000000000000000000000000000000000000000000000000000000000000086
:201A6000000000000000000000000000000000000000000000000000000000000000000066
:201A8000000000000000000000000000000000000000000000000000000000000000000046
:201AA000000000000000000000000000000000000000000000000000000000000000000026
:201AC000000000000000000000000000000000000000000000000000000000000000000006
:201AE0000000000000000000000000000000000000000000000000000000000000000000E6
:201B00000000000000000000000000000000000000000000000000000000000000000000C5
:201B20000000000000000000000000000000000000000000000000000000000000000000A5
:201B4000000000000000000000000000000000000000000000000000000000000000000085
:201B6000000000000000000000000000000000000000000000000000000000000000000065
:201B8000000000000000000000000000000000000000000000000000000000000000000045
:201BA000000000000000000000000000000000000000000000000000000000000000000025
:201BC000000000000000000000000000000000000000000000000000000000000000000005
:201BE0000000000000000000000000000000000000000000000000000000000000000000E5
:201C00000000000000000000000000000000000000000000000000000000000000000000C4
:201C20000000000000000000000000000000000000000000000000000000000000000000A4
:201C4000000000000000000000000000000000000000000000000000000000000000000084
:201C6000000000000000000000000000000000000000000000000000000000000000000064
:201C8000000000000000000000000000000000000000000000000000000000000000000044
:201CA000000000000000000000000000000000000000000000000000000000000000000024
:201CC000000000000000000000000000000000000000000000000000000000000000000004
:201CE0000000000000000000000000000000000000000000000000000000000000000000E4
:201D00000000000000000000000000000000000000000000000000000000000000000000C3
:201D20000000000000000000000000000000000000000000000000000000000000000000A3
:201D4000000000000000000000000000000000000000000000000000000000000000000083
:201D6000000000000000000000000000000000000000000000000000000000000000000063
:201D8000000000000000000000000000000000000000000000000000000000000000000043
:201DA000000000000000000000000000000000000000000000000000000000000000000023
:201DC000000000000000000000000000000000000000000000000000000000000000000003
:201DE0000000000000000000000000000000000000000000000000000000000000000000E3
:201E00000000000000000000000000000000000000000000000000000000000000000000C2
:201E20000000000000000000000000000000000000000000000000000000000000000000A2
:201E4000000000000000000000000000000000000000000000000000000000000000000082
:201E6000000000000000000000000000000000000000000000000000000000000000000062
:201E8000000000000000000000000000000000000000000000000000000000000000000042
:201EA000000000000000000000000000000000000000000000000000000000000000000022
:201EC000000000000000000000000000000000000000000000000000000000000000000002
:201EE0000000000000000000000000000000000000000000000000000000000000000000E2
:201F00000000000000000000000000000000000000000000000000000000000000000000C1
:201F20000000000000000000000000000000000000000000000000000000000000000000A1
:201F4000000000000000000000000000000000000000000000000000000000000000000081
:201F6000000000000000000000000000000000000000000000000000000000000000000061
:201F8000000000000000000000000000000000000000000000000000000000000000000041
:201FA000000000000000000000000000000000000000000000000000000000000000000021
:201FC000000000000000000000000000000000000000000000000000000000000000000001
:201FE0000000000000000000000000000000000000000000000000000000000000000000E1
:202000000000000000000000000000000000000000000000000000000000000000000000C0
:202020000000000000000000000000000000000000000000000000000000000000000000A0
:20204000000000000000000000000000000000000000000000000000000000000000000080
:20206000000000000000000000000000000000000000000000000000000000000000000060
:20208000000000000000000000000000000000000000000000000000000000000000000040
:2020A000000000000000000000000000000000000000000000000000000000000000000020
:2020C000000000000000000000000000000000000000000000000000000000000000000000
:2020E0000000000000000000000000000000000000000000000000000000000000000000E0
:202100000000000000000000000000000000000000000000000000000000000000000000BF
:2021200000000000000000000000000000000000000000000000000000000000000000009F
:2021400000000000000000000000000000000000000000000000000000000000000000007F
:2021600000000000000000000000000000000000000000000000000000000000000000005F
:2021800000000000000000000000000000000000000000000000000000000000000000003F
:2021A00000000000000000000000000000000000000000000000000000000000000000001F
:2021C0000000000000000000000000000000000000000000000000000000000000000000FF
:2021E0000000000000000000000000000000000000000000000000000000000000000000DF
:202200000000000000000000000000000000000000000000000000000000000000000000BE
:2022200000000000000000000000000000000000000000000000000000000000000000009E
:2022400000000000000000000000000000000000000000000000000000000000000000007E
:2022600000000000000000000000000000000000000000000000000000000000000000005E
:2022800000000000000000000000000000000000000000000000000000000000000000003E
:2022A00000000000000000000000000000000000000000000000000000000000000000001E
:2022C0000000000000000000000000000000000000000000000000000000000000000000FE
:2022E0000000000000000000000000000000000000000000000000000000000000000000DE
:202300000000000000000000000000000000000000000000000000000000000000000000BD
:2023200000000000000000000000000000000000000000000000000000000000000000009D
:2023400000000000000000000000000000000000000000000000000000000000000000007D
:2023600000000000000000000000000000000000000000000000000000000000000000005D
:2023800000000000000000000000000000000000000000000000000000000000000000003D
:2023A00000000000000000000000000000000000000000000000000000000000000000001D
:2023C0000000000000000000000000000000000000000000000000000000000000000000FD
:2023E0000000000000000000000000000000000000000000000000000000000000000000DD
:202400000000000000000000000000000000000000000000000000000000000000000000BC
:2024200000000000000000000000000000000000000000000000000000000000000000009C
:2024400000000000000000000000000000000000000000000000000000000000000000007C
:2024600000000000000000000000000000000000000000000000000000000000000000005C
:2024800000000000000000000000000000000000000000000000000000000000000000003C
:2024A00000000000000000000000000000000000000000000000000000000000000000001C
:2024C0000000000000000000000000000000000000000000000000000000000000000000FC
:2024E0000000000000000000000000000000000000000000000000000000000000000000DC
:202500000000000000000000000000000000000000000000000000000000000000000000BB
:2025200000000000000000000000000000000000000000000000000000000000000000009B
:2025400000000000000000000000000000000000000000000000000000000000000000007B
:2025600000000000000000000000000000000000000000000000000000000000000000005B
:2025800000000000000000000000000000000000000000000000000000000000000000003B
:2025A00000000000000000000000000000000000000000000000000000000000000000001B
:2025C0000000000000000000000000000000000000000000000000000000000000000000FB
:2025E0000000000000000000000000000000000000000000000000000000000000000000DB
:202600000000000000000000000000000000000000000000000000000000000000000000BA
:2026200000000000000000000000000000000000000000000000000000000000000000009A
:2026400000000000000000000000000000000000000000000000000000000000000000007A
:2026600000000000000000000000000000000000000000000000000000000000000000005A
:2026800000000000000000000000000000000000000000000000000000000000000000003A
:2026A00000000000000000000000000000000000000000000000000000000000000000001A
:2026C0000000000000000000000000000000000000000000000000000000000000000000FA
:2026E0000000000000000000000000000000000000000000000000000000000000000000DA
:202700000000000000000000000000000000000000000000000000000000000000000000B9
:20272000000000000000000000000000000000000000000000000000000000000000000099
:20274000000000000000000000000000000000000000000000000000000000000000000079
:20276000000000000000000000000000000000000000000000000000000000000000000059
:20278000000000000000000000000000000000000000000000000000000000000000000039
:2027A000000000000000000000000000000000000000000000000000000000000000000019
:2027C0000000000000000000000000000000000000000000000000000000000000000000F9
:2027E0000000000000000000000000000000000000000000000000000000000000000000D9
:202800000000000000000000000000000000000000000000000000000000000000000000B8
:20282000000000000000000000000000000000000000000000000000000000000000000098
:20284000000000000000000000000000000000000000000000000000000000000000000078
:20286000000000000000000000000000000000000000000000000000000000000000000058
:20288000000000000000000000000000000000000000000000000000000000000000000038
:2028A000000000000000000000000000000000000000000000000000000000000000000018
:2028C0000000000000000000000000000000000000000000000000000000000000000000F8
:2028E0000000000000000000000000000000000000000000000000000000000000000000D8
:202900000000000000000000000000000000000000000000000000000000000000000000B7
:20292000000000000000000000000000000000000000000000000000000000000000000097
:20294000000000000000000000000000000000000000000000000000000000000000000077
:20296000000000000000000000000000000000000000000000000000000000000000000057
:20298000000000000000000000000000000000000000000000000000000000000000000037
:2029A000000000000000000000000000000000000000000000000000000000000000000017
:2029C0000000000000000000000000000000000000000000000000000000000000000000F7
:2029E0000000000000000000000000000000000000000000000000000000000000000000D7
:202A00000000000000000000000000000000000000000000000000000000000000000000B6
:202A2000000000000000000000000000000000000000000000000000000000000000000096
:202A4000000000000000000000000000000000000000000000000000000000000000000076
:202A6000000000000000000000000000000000000000000000000000000000000000000056
:202A8000000000000000000000000000000000000000000000000000000000000000000036
:202AA000000000000000000000000000000000000000000000000000000000000000000016
:202AC0000000000000000000000000000000000000000000000000000000000000000000F6
:202AE0000000000000000000000000000000000000000000000000000000000000000000D6
:202B00000000000000000000000000000000000000000000000000000000000000000000B5
:202B2000000000000000000000000000000000000000000000000000000000000000000095
:202B4000000000000000000000000000000000000000000000000000000000000000000075
:202B6000000000000000000000000000000000000000000000000000000000000000000055
:202B8000000000000000000000000000000000000000000000000000000000000000000035
:202BA000000000000000000000000000000000000000000000000000000000000000000015
:202BC0000000000000000000000000000000000000000000000000000000000000000000F5
:202BE0000000000000000000000000000000000000000000000000000000000000000000D5
:202C00000000000000000000000000000000000000000000000000000000000000000000B4
:202C2000000000000000000000000000000000000000000000000000000000000000000094
:202C4000000000000000000000000000000000000000000000000000000000000000000074
:202C6000000000000000000000000000000000000000000000000000000000000000000054
:202C8000000000000000000000000000000000000000000000000000000000000000000034
:202CA000000000000000000000000000000000000000000000000000000000000000000014
:202CC0000000000000000000000000000000000000000000000000000000000000000000F4
:202CE0000000000000000000000000000000000000000000000000000000000000000000D4
:202D00000000000000000000000000000000000000000000000000000000000000000000B3
:202D2000000000000000000000000000000000000000000000000000000000000000000093
:202D4000000000000000000000000000000000000000000000000000000000000000000073
:202D6000000000000000000000000000000000000000000000000000000000000000000053
:202D8000000000000000000000000000000000000000000000000000000000000000000033
:202DA000000000000000000000000000000000000000000000000000000000000000000013
:202DC0000000000000000000000000000000000000000000000000000000000000000000F3
:202DE0000000000000000000000000000000000000000000000000000000000000000000D3
:202E00000000000000000000000000000000000000000000000000000000000000000000B2
:202E2000000000000000000000000000000000000000000000000000000000000000000092
:202E4000000000000000000000000000000000000000000000000000000000000000000072
:202E6000000000000000000000000000000000000000000000000000000000000000000052
:202E8000000000000000000000000000000000000000000000000000000000000000000032
:202EA000000000000000000000000000000000000000000000000000000000000000000012
:202EC0000000000000000000000000000000000000000000000000000000000000000000F2
:202EE0000000000000000000000000000000000000000000000000000000000000000000D2
:202F00000000000000000000000000000000000000000000000000000000000000000000B1
:202F2000000000000000000000000000000000000000000000000000000000000000000091
:202F4000000000000000000000000000000000000000000000000000000000000000000071
:202F6000000000000000000000000000000000000000000000000000000000000000000051
:202F8000000000000000000000000000000000000000000000000000000000000000000031
:202FA000000000000000000000000000000000000000000000000000000000000000000011
:202FC0000000000000000000000000000000000000000000000000000000000000000000F1
:202FE0000000000000000000000000000000000000000000000000000000000000000000D1
:203000000000000000000000000000000000000000000000000000000000000000000000B0
:20302000000000000000000000000000000000000000000000000000000000000000000090
:20304000000000000000000000000000000000000000000000000000000000000000000070
:20306000000000000000000000000000000000000000000000000000000000000000000050
:20308000000000000000000000000000000000000000000000000000000000000000000030
:2030A000000000000000000000000000000000000000000000000000000000000000000010
:2030C0000000000000000000000000000000000000000000000000000000000000000000F0
:2030E0000000000000000000000000000000000000000000000000000000000000000000D0
:203100000000000000000000000000000000000000000000000000000000000000000000AF
:2031200000000000000000000000000000000000000000000000000000000000000000008F
:2031400000000000000000000000000000000000000000000000000000000000000000006F
:2031600000000000000000000000000000000000000000000000000000000000000000004F
:2031800000000000000000000000000000000000000000000000000000000000000000002F
:2031A00000000000000000000000000000000000000000000000000000000000000000000F
:2031C0000000000000000000000000000000000000000000000000000000000000000000EF
:2031E0000000000000000000000000000000000000000000000000000000000000000000CF
:203200000000000000000000000000000000000000000000000000000000000000000000AE
:2032200000000000000000000000000000000000000000000000000000000000000000008E
:2032400000000000000000000000000000000000000000000000000000000000000000006E
:2032600000000000000000000000000000000000000000000000000000000000000000004E
:2032800000000000000000000000000000000000000000000000000000000000000000002E
:2032A00000000000000000000000000000000000000000000000000000000000000000000E
:2032C0000000000000000000000000000000000000000000000000000000000000000000EE
:2032E0000000000000000000000000000000000000000000000000000000000000000000CE
:203300000000000000000000000000000000000000000000000000000000000000000000AD
:2033200000000000000000000000000000000000000000000000000000000000000000008D
:2033400000000000000000000000000000000000000000000000000000000000000000006D
:2033600000000000000000000000000000000000000000000000000000000000000000004D
:2033800000000000000000000000000000000000000000000000000000000000000000002D
:2033A00000000000000000000000000000000000000000000000000000000000000000000D
:2033C0000000000000000000000000000000000000000000000000000000000000000000ED
:2033E0000000000000000000000000000000000000000000000000000000000000000000CD
:203400000000000000000000000000000000000000000000000000000000000000000000AC
:2034200000000000000000000000000000000000000000000000000000000000000000008C
:2034400000000000000000000000000000000000000000000000000000000000000000006C
:2034600000000000000000000000000000000000000000000000000000000000000000004C
:2034800000000000000000000000000000000000000000000000000000000000000000002C
:2034A00000000000000000000000000000000000000000000000000000000000000000000C
:2034C0000000000000000000000000000000000000000000000000000000000000000000EC
:2034E0000000000000000000000000000000000000000000000000000000000000000000CC
:203500000000000000000000000000000000000000000000000000000000000000000000AB
:2035200000000000000000000000000000000000000000000000000000000000000000008B
:2035400000000000000000000000000000000000000000000000000000000000000000006B
:2035600000000000000000000000000000000000000000000000000000000000000000004B
:2035800000000000000000000000000000000000000000000000000000000000000000002B
:2035A00000000000000000000000000000000000000000000000000000000000000000000B
:2035C0000000000000000000000000000000000000000000000000000000000000000000EB
:2035E0000000000000000000000000000000000000000000000000000000000000000000CB
:203600000000000000000000000000000000000000000000000000000000000000000000AA
:2036200000000000000000000000000000000000000000000000000000000000000000008A
:2036400000000000000000000000000000000000000000000000000000000000000000006A
:2036600000000000000000000000000000000000000000000000000000000000000000004A
:2036800000000000000000000000000000000000000000000000000000000000000000002A
:2036A00000000000000000000000000000000000000000000000000000000000000000000A
:2036C0000000000000000000000000000000000000000000000000000000000000000000EA
:2036E0000000000000000000000000000000000000000000000000000000000000000000CA
:203700000000000000000000000000000000000000000000000000000000000000000000A9
:20372000000000000000000000000000000000000000000000000000000000000000000089
:20374000000000000000000000000000000000000000000000000000000000000000000069
:20376000000000000000000000000000000000000000000000000000000000000000000049
:20378000000000000000000000000000000000000000000000000000000000000000000029
:2037A000000000000000000000000000000000000000000000000000000000000000000009
:2037C0000000000000000000000000000000000000000000000000000000000000000000E9
:2037E0000000000000000000000000000000000000000000000000000000000000000000C9
:203800000000000000000000000000000000000000000000000000000000000000000000A8
:20382000000000000000000000000000000000000000000000000000000000000000000088
:20384000000000000000000000000000000000000000000000000000000000000000000068
:20386000000000000000000000000000000000000000000000000000000000000000000048
:20388000000000000000000000000000000000000000000000000000000000000000000028
:2038A000000000000000000000000000000000000000000000000000000000000000000008
:2038C0000000000000000000000000000000000000000000000000000000000000000000E8
:2038E0000000000000000000000000000000000000000000000000000000000000000000C8
:203900000000000000000000000000000000000000000000000000000000000000000000A7
:20392000000000000000000000000000000000000000000000000000000000000000000087
:20394000000000000000000000000000000000000000000000000000000000000000000067
:20396000000000000000000000000000000000000000000000000000000000000000000047
:20398000000000000000000000000000000000000000000000000000000000000000000027
:2039A000000000000000000000000000000000000000000000000000000000000000000007
:2039C0000000000000000000000000000000000000000000000000000000000000000000E7
:2039E0000000000000000000000000000000000000000000000000000000000000000000C7
:203A00000000000000000000000000000000000000000000000000000000000000000000A6
:203A2000000000000000000000000000000000000000000000000000000000000000000086
:203A4000000000000000000000000000000000000000000000000000000000000000000066
:203A6000000000000000000000000000000000000000000000000000000000000000000046
:203A8000000000000000000000000000000000000000000000000000000000000000000026
:203AA000000000000000000000000000000000000000000000000000000000000000000006
:203AC0000000000000000000000000000000000000000000000000000000000000000000E6
:203AE0000000000000000000000000000000000000000000000000000000000000000000C6
:203B00000000000000000000000000000000000000000000000000000000000000000000A5
:203B2000000000000000000000000000000000000000000000000000000000000000000085
:203B4000000000000000000000000000000000000000000000000000000000000000000065
:203B6000000000000000000000000000000000000000000000000000000000000000000045
:203B8000000000000000000000000000000000000000000000000000000000000000000025
:203BA000000000000000000000000000000000000000000000000000000000000000000005
:203BC0000000000000000000000000000000000000000000000000000000000000000000E5
:203BE0000000000000000000000000000000000000000000000000000000000000000000C5
:203C00000000000000000000000000000000000000000000000000000000000000000000A4
:203C2000000000000000000000000000000000000000000000000000000000000000000084
:203C4000000000000000000000000000000000000000000000000000000000000000000064
:203C6000000000000000000000000000000000000000000000000000000000000000000044
:203C8000000000000000000000000000000000000000000000000000000000000000000024
:203CA000000000000000000000000000000000000000000000000000000000000000000004
:203CC0000000000000000000000000000000000000000000000000000000000000000000E4
:203CE0000000000000000000000000000000000000000000000000000000000000000000C4
:203D00000000000000000000000000000000000000000000000000000000000000000000A3
:203D2000000000000000000000000000000000000000000000000000000000000000000083
:203D4000000000000000000000000000000000000000000000000000000000000000000063
:203D6000000000000000000000000000000000000000000000000000000000000000000043
:203D8000000000000000000000000000000000000000000000000000000000000000000023
:203DA000000000000000000000000000000000000000000000000000000000000000000003
:203DC0000000000000000000000000000000000000000000000000000000000000000000E3
:203DE0000000000000000000000000000000000000000000000000000000000000000000C3
:203E00000000000000000000000000000000000000000000000000000000000000000000A2
:203E2000000000000000000000000000000000000000000000000000000000000000000082
:203E4000000000000000000000000000000000000000000000000000000000000000000062
:203E6000000000000000000000000000000000000000000000000000000000000000000042
:203E8000000000000000000000000000000000000000000000000000000000000000000022
:203EA000000000000000000000000000000000000000000000000000000000000000000002
:203EC0000000000000000000000000000000000000000000000000000000000000000000E2
:203EE0000000000000000000000000000000000000000000000000000000000000000000C2
:203F00000000000000000000000000000000000000000000000000000000000000000000A1
:203F2000000000000000000000000000000000000000000000000000000000000000000081
:203F4000000000000000000000000000000000000000000000000000000000000000000061
:203F6000000000000000000000000000000000000000000000000000000000000000000041
:203F8000000000000000000000000000000000000000000000000000000000000000000021
:203FA000000000000000000000000000000000000000000000000000000000000000000001
:203FC0000000000000000000000000000000000000000000000000000000000000000000E1
:203FE0000000000000000000000000000000000000000000000000000000000000000000C1
:204000000000000000000000000000000000000000000000000000000000000000000000A0
:20402000000000000000000000000000000000000000000000000000000000000000000080
:20404000000000000000000000000000000000000000000000000000000000000000000060
:20406000000000000000000000000000000000000000000000000000000000000000000040
:20408000000000000000000000000000000000000000000000000000000000000000000020
:2040A000000000000000000000000000000000000000000000000000000000000000000000
:2040C0000000000000000000000000000000000000000000000000000000000000000000E0
:2040E0000000000000000000000000000000000000000000000000000000000000000000C0
:2041000000000000000000000000000000000000000000000000000000000000000000009F
:2041200000000000000000000000000000000000000000000000000000000000000000007F
:2041400000000000000000000000000000000000000000000000000000000000000000005F
:2041600000000000000000000000000000000000000000000000000000000000000000003F
:2041800000000000000000000000000000000000000000000000000000000000000000001F
:2041A0000000000000000000000000000000000000000000000000000000000000000000FF
:2041C0000000000000000000000000000000000000000000000000000000000000000000DF
:2041E0000000000000000000000000000000000000000000000000000000000000000000BF
:2042000000000000000000000000000000000000000000000000000000000000000000009E
:2042200000000000000000000000000000000000000000000000000000000000000000007E
:2042400000000000000000000000000000000000000000000000000000000000000000005E
:2042600000000000000000000000000000000000000000000000000000000000000000003E
:2042800000000000000000000000000000000000000000000000000000000000000000001E
:2042A0000000000000000000000000000000000000000000000000000000000000000000FE
:2042C0000000000000000000000000000000000000000000000000000000000000000000DE
:2042E0000000000000000000000000000000000000000000000000000000000000000000BE
:2043000000000000000000000000000000000000000000000000000000000000000000009D
:2043200000000000000000000000000000000000000000000000000000000000000000007D
:2043400000000000000000000000000000000000000000000000000000000000000000005D
:2043600000000000000000000000000000000000000000000000000000000000000000003D
:2043800000000000000000000000000000000000000000000000000000000000000000001D
:2043A0000000000000000000000000000000000000000000000000000000000000000000FD
:2043C0000000000000000000000000000000000000000000000000000000000000000000DD
:2043E0000000000000000000000000000000000000000000000000000000000000000000BD
:2044000000000000000000000000000000000000000000000000000000000000000000009C
:2044200000000000000000000000000000000000000000000000000000000000000000007C
:2044400000000000000000000000000000000000000000000000000000000000000000005C
:2044600000000000000000000000000000000000000000000000000000000000000000003C
:2044800000000000000000000000000000000000000000000000000000000000000000001C
:2044A0000000000000000000000000000000000000000000000000000000000000000000FC
:2044C0000000000000000000000000000000000000000000000000000000000000000000DC
:2044E0000000000000000000000000000000000000000000000000000000000000000000BC
:2045000000000000000000000000000000000000000000000000000000000000000000009B
:2045200000000000000000000000000000000000000000000000000000000000000000007B
:2045400000000000000000000000000000000000000000000000000000000000000000005B
:2045600000000000000000000000000000000000000000000000000000000000000000003B
:2045800000000000000000000000000000000000000000000000000000000000000000001B
:2045A0000000000000000000000000000000000000000000000000000000000000000000FB
:2045C0000000000000000000000000000000000000000000000000000000000000000000DB
:2045E0000000000000000000000000000000000000000000000000000000000000000000BB
:2046000000000000000000000000000000000000000000000000000000000000000000009A
:2046200000000000000000000000000000000000000000000000000000000000000000007A
:2046400000000000000000000000000000000000000000000000000000000000000000005A
:2046600000000000000000000000000000000000000000000000000000000000000000003A
:2046800000000000000000000000000000000000000000000000000000000000000000001A
:2046A0000000000000000000000000000000000000000000000000000000000000000000FA
:2046C0000000000000000000000000000000000000000000000000000000000000000000DA
:2046E0000000000000000000000000000000000000000000000000000000000000000000BA
:20470000000000000000000000000000000000000000000000000000000000000000000099
:20472000000000000000000000000000000000000000000000000000000000000000000079
:20474000000000000000000000000000000000000000000000000000000000000000000059
:20476000000000000000000000000000000000000000000000000000000000000000000039
:20478000000000000000000000000000000000000000000000000000000000000000000019
:2047A0000000000000000000000000000000000000000000000000000000000000000000F9
:2047C0000000000000000000000000000000000000000000000000000000000000000000D9
:2047E0000000000000000000000000000000000000000000000000000000000000000000B9
:20480000000000000000000000000000000000000000000000000000000000000000000098
:20482000000000000000000000000000000000000000000000000000000000000000000078
:20484000000000000000000000000000000000000000000000000000000000000000000058
:20486000000000000000000000000000000000000000000000000000000000000000000038
:20488000000000000000000000000000000000000000000000000000000000000000000018
:2048A0000000000000000000000000000000000000000000000000000000000000000000F8
:2048C0000000000000000000000000000000000000000000000000000000000000000000D8
:2048E0000000000000000000000000000000000000000000000000000000000000000000B8
:20490000000000000000000000000000000000000000000000000000000000000000000097
:20492000000000000000000000000000000000000000000000000000000000000000000077
:20494000000000000000000000000000000000000000000000000000000000000000000057
:20496000000000000000000000000000000000000000000000000000000000000000000037
:20498000000000000000000000000000000000000000000000000000000000000000000017
:2049A0000000000000000000000000000000000000000000000000000000000000000000F7
:2049C0000000000000000000000000000000000000000000000000000000000000000000D7
:2049E0000000000000000000000000000000000000000000000000000000000000000000B7
:204A0000000000000000000000000000000000000000000000000000000000000000000096
:204A2000000000000000000000000000000000000000000000000000000000000000000076
:204A4000000000000000000000000000000000000000000000000000000000000000000056
:204A6000000000000000000000000000000000000000000000000000000000000000000036
:204A8000000000000000000000000000000000000000000000000000000000000000000016
:204AA0000000000000000000000000000000000000000000000000000000000000000000F6
:204AC0000000000000000000000000000000000000000000000000000000000000000000D6
:204AE0000000000000000000000000000000000000000000000000000000000000000000B6
:204B0000000000000000000000000000000000000000000000000000000000000000000095
:204B2000000000000000000000000000000000000000000000000000000000000000000075
:204B4000000000000000000000000000000000000000000000000000000000000000000055
:204B6000000000000000000000000000000000000000000000000000000000000000000035
:204B8000000000000000000000000000000000000000000000000000000000000000000015
:204BA0000000000000000000000000000000000000000000000000000000000000000000F5
:204BC0000000000000000000000000000000000000000000000000000000000000000000D5
:204BE0000000000000000000000000000000000000000000000000000000000000000000B5
:204C0000000000000000000000000000000000000000000000000000000000000000000094
:204C2000000000000000000000000000000000000000000000000000000000000000000074
:204C4000000000000000000000000000000000000000000000000000000000000000000054
:204C6000000000000000000000000000000000000000000000000000000000000000000034
:204C8000000000000000000000000000000000000000000000000000000000000000000014
:204CA0000000000000000000000000000000000000000000000000000000000000000000F4
:204CC0000000000000000000000000000000000000000000000000000000000000000000D4
:204CE0000000000000000000000000000000000000000000000000000000000000000000B4
:204D0000000000000000000000000000000000000000000000000000000000000000000093
:204D2000000000000000000000000000000000000000000000000000000000000000000073
:204D4000000000000000000000000000000000000000000000000000000000000000000053
:204D6000000000000000000000000000000000000000000000000000000000000000000033
:204D8000000000000000000000000000000000000000000000000000000000000000000013
:204DA0000000000000000000000000000000000000000000000000000000000000000000F3
:204DC0000000000000000000000000000000000000000000000000000000000000000000D3
:204DE0000000000000000000000000000000000000000000000000000000000000000000B3
:204E0000000000000000000000000000000000000000000000000000000000000000000092
:204E2000000000000000000000000000000000000000000000000000000000000000000072
:204E4000000000000000000000000000000000000000000000000000000000000000000052
:204E6000000000000000000000000000000000000000000000000000000000000000000032
:204E8000000000000000000000000000000000000000000000000000000000000000000012
:204EA0000000000000000000000000000000000000000000000000000000000000000000F2
:204EC0000000000000000000000000000000000000000000000000000000000000000000D2
:204EE0000000000000000000000000000000000000000000000000000000000000000000B2
:204F0000000000000000000000000000000000000000000000000000000000000000000091
:204F2000000000000000000000000000000000000000000000000000000000000000000071
:204F4000000000000000000000000000000000000000000000000000000000000000000051
:204F6000000000000000000000000000000000000000000000000000000000000000000031
:204F8000000000000000000000000000000000000000000000000000000000000000000011
:204FA0000000000000000000000000000000000000000000000000000000000000000000F1
:204FC0000000000000000000000000000000000000000000000000000000000000000000D1
:204FE0000000000000000000000000000000000000000000000000000000000000000000B1
:20500000000000000000000000000000000000000000000000000000000000000000000090
:20502000000000000000000000000000000000000000000000000000000000000000000070
:20504000000000000000000000000000000000000000000000000000000000000000000050
:20506000000000000000000000000000000000000000000000000000000000000000000030
:20508000000000000000000000000000000000000000000000000000000000000000000010
:2050A0000000000000000000000000000000000000000000000000000000000000000000F0
:2050C0000000000000000000000000000000000000000000000000000000000000000000D0
:2050E0000000000000000000000000000000000000000000000000000000000000000000B0
:2051000000000000000000000000000000000000000000000000000000000000000000008F
:2051200000000000000000000000000000000000000000000000000000000000000000006F
:2051400000000000000000000000000000000000000000000000000000000000000000004F
:2051600000000000000000000000000000000000000000000000000000000000000000002F
:2051800000000000000000000000000000000000000000000000000000000000000000000F
:2051A0000000000000000000000000000000000000000000000000000000000000000000EF
:2051C0000000000000000000000000000000000000000000000000000000000000000000CF
:2051E0000000000000000000000000000000000000000000000000000000000000000000AF
:2052000000000000000000000000000000000000000000000000000000000000000000008E
:2052200000000000000000000000000000000000000000000000000000000000000000006E
:2052400000000000000000000000000000000000000000000000000000000000000000004E
:2052600000000000000000000000000000000000000000000000000000000000000000002E
:2052800000000000000000000000000000000000000000000000000000000000000000000E
:2052A0000000000000000000000000000000000000000000000000000000000000000000EE
:2052C0000000000000000000000000000000000000000000000000000000000000000000CE
:2052E0000000000000000000000000000000000000000000000000000000000000000000AE
:2053000000000000000000000000000000000000000000000000000000000000000000008D
:2053200000000000000000000000000000000000000000000000000000000000000000006D
:2053400000000000000000000000000000000000000000000000000000000000000000004D
:2053600000000000000000000000000000000000000000000000000000000000000000002D
:2053800000000000000000000000000000000000000000000000000000000000000000000D
:2053A0000000000000000000000000000000000000000000000000000000000000000000ED
:2053C0000000000000000000000000000000000000000000000000000000000000000000CD
:2053E0000000000000000000000000000000000000000000000000000000000000000000AD
:2054000000000000000000000000000000000000000000000000000000000000000000008C
:2054200000000000000000000000000000000000000000000000000000000000000000006C
:2054400000000000000000000000000000000000000000000000000000000000000000004C
:2054600000000000000000000000000000000000000000000000000000000000000000002C
:2054800000000000000000000000000000000000000000000000000000000000000000000C
:2054A0000000000000000000000000000000000000000000000000000000000000000000EC
:2054C0000000000000000000000000000000000000000000000000000000000000000000CC
:2054E0000000000000000000000000000000000000000000000000000000000000000000AC
:2055000000000000000000000000000000000000000000000000000000000000000000008B
:2055200000000000000000000000000000000000000000000000000000000000000000006B
:2055400000000000000000000000000000000000000000000000000000000000000000004B
:2055600000000000000000000000000000000000000000000000000000000000000000002B
:2055800000000000000000000000000000000000000000000000000000000000000000000B
:2055A0000000000000000000000000000000000000000000000000000000000000000000EB
:2055C0000000000000000000000000000000000000000000000000000000000000000000CB
:2055E0000000000000000000000000000000000000000000000000000000000000000000AB
:2056000000000000000000000000000000000000000000000000000000000000000000008A
:2056200000000000000000000000000000000000000000000000000000000000000000006A
:2056400000000000000000000000000000000000000000000000000000000000000000004A
:2056600000000000000000000000000000000000000000000000000000000000000000002A
:2056800000000000000000000000000000000000000000000000000000000000000000000A
:2056A0000000000000000000000000000000000000000000000000000000000000000000EA
:2056C0000000000000000000000000000000000000000000000000000000000000000000CA
:2056E0000000000000000000000000000000000000000000000000000000000000000000AA
:20570000000000000000000000000000000000000000000000000000000000000000000089
:20572000000000000000000000000000000000000000000000000000000000000000000069
:20574000000000000000000000000000000000000000000000000000000000000000000049
:20576000000000000000000000000000000000000000000000000000000000000000000029
:20578000000000000000000000000000000000000000000000000000000000000000000009
:2057A0000000000000000000000000000000000000000000000000000000000000000000E9
:2057C0000000000000000000000000000000000000000000000000000000000000000000C9
:2057E0000000000000000000000000000000000000000000000000000000000000000000A9
:20580000000000000000000000000000000000000000000000000000000000000000000088
:20582000000000000000000000000000000000000000000000000000000000000000000068
:20584000000000000000000000000000000000000000000000000000000000000000000048
:20586000000000000000000000000000000000000000000000000000000000000000000028
:20588000000000000000000000000000000000000000000000000000000000000000000008
:2058A0000000000000000000000000000000000000000000000000000000000000000000E8
:2058C0000000000000000000000000000000000000000000000000000000000000000000C8
:2058E0000000000000000000000000000000000000000000000000000000000000000000A8
:20590000000000000000000000000000000000000000000000000000000000000000000087
:20592000000000000000000000000000000000000000000000000000000000000000000067
:20594000000000000000000000000000000000000000000000000000000000000000000047
:20596000000000000000000000000000000000000000000000000000000000000000000027
:20598000000000000000000000000000000000000000000000000000000000000000000007
:2059A0000000000000000000000000000000000000000000000000000000000000000000E7
:2059C0000000000000000000000000000000000000000000000000000000000000000000C7
:2059E0000000000000000000000000000000000000000000000000000000000000000000A7
:205A0000000000000000000000000000000000000000000000000000000000000000000086
:205A2000000000000000000000000000000000000000000000000000000000000000000066
:205A4000000000000000000000000000000000000000000000000000000000000000000046
:205A6000000000000000000000000000000000000000000000000000000000000000000026
:205A8000000000000000000000000000000000000000000000000000000000000000000006
:205AA0000000000000000000000000000000000000000000000000000000000000000000E6
:205AC0000000000000000000000000000000000000000000000000000000000000000000C6
:205AE0000000000000000000000000000000000000000000000000000000000000000000A6
:205B0000000000000000000000000000000000000000000000000000000000000000000085
:205B2000000000000000000000000000000000000000000000000000000000000000000065
:205B4000000000000000000000000000000000000000000000000000000000000000000045
:205B6000000000000000000000000000000000000000000000000000000000000000000025
:205B8000000000000000000000000000000000000000000000000000000000000000000005
:205BA0000000000000000000000000000000000000000000000000000000000000000000E5
:205BC0000000000000000000000000000000000000000000000000000000000000000000C5
:205BE0000000000000000000000000000000000000000000000000000000000000000000A5
:205C0000000000000000000000000000000000000000000000000000000000000000000084
:205C2000000000000000000000000000000000000000000000000000000000000000000064
:205C4000000000000000000000000000000000000000000000000000000000000000000044
:205C6000000000000000000000000000000000000000000000000000000000000000000024
:205C8000000000000000000000000000000000000000000000000000000000000000000004
:205CA0000000000000000000000000000000000000000000000000000000000000000000E4
:205CC0000000000000000000000000000000000000000000000000000000000000000000C4
:205CE0000000000000000000000000000000000000000000000000000000000000000000A4
:205D0000000000000000000000000000000000000000000000000000000000000000000083
:205D2000000000000000000000000000000000000000000000000000000000000000000063
:205D4000000000000000000000000000000000000000000000000000000000000000000043
:205D6000000000000000000000000000000000000000000000000000000000000000000023
:205D8000000000000000000000000000000000000000000000000000000000000000000003
:205DA0000000000000000000000000000000000000000000000000000000000000000000E3
:205DC0000000000000000000000000000000000000000000000000000000000000000000C3
:205DE0000000000000000000000000000000000000000000000000000000000000000000A3
:205E0000000000000000000000000000000000000000000000000000000000000000000082
:205E2000000000000000000000000000000000000000000000000000000000000000000062
:205E4000000000000000000000000000000000000000000000000000000000000000000042
:205E6000000000000000000000000000000000000000000000000000000000000000000022
:205E8000000000000000000000000000000000000000000000000000000000000000000002
:205EA0000000000000000000000000000000000000000000000000000000000000000000E2
:205EC0000000000000000000000000000000000000000000000000000000000000000000C2
:205EE0000000000000000000000000000000000000000000000000000000000000000000A2
:205F0000000000000000000000000000000000000000000000000000000000000000000081
:205F2000000000000000000000000000000000000000000000000000000000000000000061
:205F4000000000000000000000000000000000000000000000000000000000000000000041
:205F6000000000000000000000000000000000000000000000000000000000000000000021
:205F8000000000000000000000000000000000000000000000000000000000000000000001
:205FA0000000000000000000000000000000000000000000000000000000000000000000E1
:205FC0000000000000000000000000000000000000000000000000000000000000000000C1
:205FE0000000000000000000000000000000000000000000000000000000000000000000A1
:20600000000000000000000000000000000000000000000000000000000000000000000080
:20602000000000000000000000000000000000000000000000000000000000000000000060
:20604000000000000000000000000000000000000000000000000000000000000000000040
:20606000000000000000000000000000000000000000000000000000000000000000000020
:20608000000000000000000000000000000000000000000000000000000000000000000000
:2060A0000000000000000000000000000000000000000000000000000000000000000000E0
:2060C0000000000000000000000000000000000000000000000000000000000000000000C0
:2060E0000000000000000000000000000000000000000000000000000000000000000000A0
:2061000000000000000000000000000000000000000000000000000000000000000000007F
:2061200000000000000000000000000000000000000000000000000000000000000000005F
:2061400000000000000000000000000000000000000000000000000000000000000000003F
:2061600000000000000000000000000000000000000000000000000000000000000000001F
:206180000000000000000000000000000000000000000000000000000000000000000000FF
:2061A0000000000000000000000000000000000000000000000000000000000000000000DF
:2061C0000000000000000000000000000000000000000000000000000000000000000000BF
:2061E00000000000000000000000000000000000000000000000000000000000000000009F
:2062000000000000000000000000000000000000000000000000000000000000000000007E
:2062200000000000000000000000000000000000000000000000000000000000000000005E
:2062400000000000000000000000000000000000000000000000000000000000000000003E
:2062600000000000000000000000000000000000000000000000000000000000000000001E
:206280000000000000000000000000000000000000000000000000000000000000000000FE
:2062A0000000000000000000000000000000000000000000000000000000000000000000DE
:2062C0000000000000000000000000000000000000000000000000000000000000000000BE
:2062E00000000000000000000000000000000000000000000000000000000000000000009E
:2063000000000000000000000000000000000000000000000000000000000000000000007D
:2063200000000000000000000000000000000000000000000000000000000000000000005D
:2063400000000000000000000000000000000000000000000000000000000000000000003D
:2063600000000000000000000000000000000000000000000000000000000000000000001D
:206380000000000000000000000000000000000000000000000000000000000000000000FD
:2063A0000000000000000000000000000000000000000000000000000000000000000000DD
:2063C0000000000000000000000000000000000000000000000000000000000000000000BD
:2063E00000000000000000000000000000000000000000000000000000000000000000009D
:2064000000000000000000000000000000000000000000000000000000000000000000007C
:2064200000000000000000000000000000000000000000000000000000000000000000005C
:2064400000000000000000000000000000000000000000000000000000000000000000003C
:2064600000000000000000000000000000000000000000000000000000000000000000001C
:206480000000000000000000000000000000000000000000000000000000000000000000FC
:2064A0000000000000000000000000000000000000000000000000000000000000000000DC
:2064C0000000000000000000000000000000000000000000000000000000000000000000BC
:2064E00000000000000000000000000000000000000000000000000000000000000000009C
:2065000000000000000000000000000000000000000000000000000000000000000000007B
:2065200000000000000000000000000000000000000000000000000000000000000000005B
:2065400000000000000000000000000000000000000000000000000000000000000000003B
:2065600000000000000000000000000000000000000000000000000000000000000000001B
:206580000000000000000000000000000000000000000000000000000000000000000000FB
:2065A0000000000000000000000000000000000000000000000000000000000000000000DB
:2065C0000000000000000000000000000000000000000000000000000000000000000000BB
:2065E00000000000000000000000000000000000000000000000000000000000000000009B
:2066000000000000000000000000000000000000000000000000000000000000000000007A
:2066200000000000000000000000000000000000000000000000000000000000000000005A
:2066400000000000000000000000000000000000000000000000000000000000000000003A
:2066600000000000000000000000000000000000000000000000000000000000000000001A
:206680000000000000000000000000000000000000000000000000000000000000000000FA
:2066A0000000000000000000000000000000000000000000000000000000000000000000DA
:2066C0000000000000000000000000000000000000000000000000000000000000000000BA
:2066E00000000000000000000000000000000000000000000000000000000000000000009A
:20670000000000000000000000000000000000000000000000000000000000000000000079
:20672000000000000000000000000000000000000000000000000000000000000000000059
:20674000000000000000000000000000000000000000000000000000000000000000000039
:20676000000000000000000000000000000000000000000000000000000000000000000019
:206780000000000000000000000000000000000000000000000000000000000000000000F9
:2067A0000000000000000000000000000000000000000000000000000000000000000000D9
:2067C0000000000000000000000000000000000000000000000000000000000000000000B9
:2067E000000000000000000000000000000000000000000000000000000000000000000099
:20680000000000000000000000000000000000000000000000000000000000000000000078
:20682000000000000000000000000000000000000000000000000000000000000000000058
:20684000000000000000000000000000000000000000000000000000000000000000000038
:20686000000000000000000000000000000000000000000000000000000000000000000018
:206880000000000000000000000000000000000000000000000000000000000000000000F8
:2068A0000000000000000000000000000000000000000000000000000000000000000000D8
:2068C0000000000000000000000000000000000000000000000000000000000000000000B8
:2068E000000000000000000000000000000000000000000000000000000000000000000098
:20690000000000000000000000000000000000000000000000000000000000000000000077
:20692000000000000000000000000000000000000000000000000000000000000000000057
:20694000000000000000000000000000000000000000000000000000000000000000000037
:20696000000000000000000000000000000000000000000000000000000000000000000017
:206980000000000000000000000000000000000000000000000000000000000000000000F7
:2069A0000000000000000000000000000000000000000000000000000000000000000000D7
:2069C0000000000000000000000000000000000000000000000000000000000000000000B7
:2069E000000000000000000000000000000000000000000000000000000000000000000097
:206A0000000000000000000000000000000000000000000000000000000000000000000076
:206A2000000000000000000000000000000000000000000000000000000000000000000056
:206A4000000000000000000000000000000000000000000000000000000000000000000036
:206A6000000000000000000000000000000000000000000000000000000000000000000016
:206A80000000000000000000000000000000000000000000000000000000000000000000F6
:206AA0000000000000000000000000000000000000000000000000000000000000000000D6
:206AC0000000000000000000000000000000000000000000000000000000000000000000B6
:206AE000000000000000000000000000000000000000000000000000000000000000000096
:206B0000000000000000000000000000000000000000000000000000000000000000000075
:206B2000000000000000000000000000000000000000000000000000000000000000000055
:206B4000000000000000000000000000000000000000000000000000000000000000000035
:206B6000000000000000000000000000000000000000000000000000000000000000000015
:206B80000000000000000000000000000000000000000000000000000000000000000000F5
:206BA0000000000000000000000000000000000000000000000000000000000000000000D5
:206BC0000000000000000000000000000000000000000000000000000000000000000000B5
:206BE000000000000000000000000000000000000000000000000000000000000000000095
:206C0000000000000000000000000000000000000000000000000000000000000000000074
:206C2000000000000000000000000000000000000000000000000000000000000000000054
:206C4000000000000000000000000000000000000000000000000000000000000000000034
:206C6000000000000000000000000000000000000000000000000000000000000000000014
:206C80000000000000000000000000000000000000000000000000000000000000000000F4
:206CA0000000000000000000000000000000000000000000000000000000000000000000D4
:206CC0000000000000000000000000000000000000000000000000000000000000000000B4
:206CE000000000000000000000000000000000000000000000000000000000000000000094
:206D0000000000000000000000000000000000000000000000000000000000000000000073
:206D2000000000000000000000000000000000000000000000000000000000000000000053
:206D4000000000000000000000000000000000000000000000000000000000000000000033
:206D6000000000000000000000000000000000000000000000000000000000000000000013
:206D80000000000000000000000000000000000000000000000000000000000000000000F3
:206DA0000000000000000000000000000000000000000000000000000000000000000000D3
:206DC0000000000000000000000000000000000000000000000000000000000000000000B3
:206DE000000000000000000000000000000000000000000000000000000000000000000093
:206E0000000000000000000000000000000000000000000000000000000000000000000072
:206E2000000000000000000000000000000000000000000000000000000000000000000052
:206E4000000000000000000000000000000000000000000000000000000000000000000032
:206E6000000000000000000000000000000000000000000000000000000000000000000012
:206E80000000000000000000000000000000000000000000000000000000000000000000F2
:206EA0000000000000000000000000000000000000000000000000000000000000000000D2
:206EC0000000000000000000000000000000000000000000000000000000000000000000B2
:206EE000000000000000000000000000000000000000000000000000000000000000000092
:206F0000000000000000000000000000000000000000000000000000000000000000000071
:206F2000000000000000000000000000000000000000000000000000000000000000000051
:206F4000000000000000000000000000000000000000000000000000000000000000000031
:206F6000000000000000000000000000000000000000000000000000000000000000000011
:206F80000000000000000000000000000000000000000000000000000000000000000000F1
:206FA0000000000000000000000000000000000000000000000000000000000000000000D1
:206FC0000000000000000000000000000000000000000000000000000000000000000000B1
:206FE000000000000000000000000000000000000000000000000000000000000000000091
:20700000000000000000000000000000000000000000000000000000000000000000000070
:20702000000000000000000000000000000000000000000000000000000000000000000050
:20704000000000000000000000000000000000000000000000000000000000000000000030
:20706000000000000000000000000000000000000000000000000000000000000000000010
:207080000000000000000000000000000000000000000000000000000000000000000000F0
:2070A0000000000000000000000000000000000000000000000000000000000000000000D0
:2070C0000000000000000000000000000000000000000000000000000000000000000000B0
:2070E000000000000000000000000000000000000000000000000000000000000000000090
:2071000000000000000000000000000000000000000000000000000000000000000000006F
:2071200000000000000000000000000000000000000000000000000000000000000000004F
:2071400000000000000000000000000000000000000000000000000000000000000000002F
:2071600000000000000000000000000000000000000000000000000000000000000000000F
:207180000000000000000000000000000000000000000000000000000000000000000000EF
:2071A0000000000000000000000000000000000000000000000000000000000000000000CF
:2071C0000000000000000000000000000000000000000000000000000000000000000000AF
:2071E00000000000000000000000000000000000000000000000000000000000000000008F
:2072000000000000000000000000000000000000000000000000000000000000000000006E
:2072200000000000000000000000000000000000000000000000000000000000000000004E
:2072400000000000000000000000000000000000000000000000000000000000000000002E
:2072600000000000000000000000000000000000000000000000000000000000000000000E
:207280000000000000000000000000000000000000000000000000000000000000000000EE
:2072A0000000000000000000000000000000000000000000000000000000000000000000CE
:2072C0000000000000000000000000000000000000000000000000000000000000000000AE
:2072E00000000000000000000000000000000000000000000000000000000000000000008E
:2073000000000000000000000000000000000000000000000000000000000000000000006D
:2073200000000000000000000000000000000000000000000000000000000000000000004D
:2073400000000000000000000000000000000000000000000000000000000000000000002D
:2073600000000000000000000000000000000000000000000000000000000000000000000D
:207380000000000000000000000000000000000000000000000000000000000000000000ED
:2073A0000000000000000000000000000000000000000000000000000000000000000000CD
:2073C0000000000000000000000000000000000000000000000000000000000000000000AD
:2073E00000000000000000000000000000000000000000000000000000000000000000008D
:2074000000000000000000000000000000000000000000000000000000000000000000006C
:2074200000000000000000000000000000000000000000000000000000000000000000004C
:2074400000000000000000000000000000000000000000000000000000000000000000002C
:2074600000000000000000000000000000000000000000000000000000000000000000000C
:207480000000000000000000000000000000000000000000000000000000000000000000EC
:2074A0000000000000000000000000000000000000000000000000000000000000000000CC
:2074C0000000000000000000000000000000000000000000000000000000000000000000AC
:2074E00000000000000000000000000000000000000000000000000000000000000000008C
:2075000000000000000000000000000000000000000000000000000000000000000000006B
:2075200000000000000000000000000000000000000000000000000000000000000000004B
:2075400000000000000000000000000000000000000000000000000000000000000000002B
:2075600000000000000000000000000000000000000000000000000000000000000000000B
:207580000000000000000000000000000000000000000000000000000000000000000000EB
:2075A0000000000000000000000000000000000000000000000000000000000000000000CB
:2075C0000000000000000000000000000000000000000000000000000000000000000000AB
:2075E00000000000000000000000000000000000000000000000000000000000000000008B
:2076000000000000000000000000000000000000000000000000000000000000000000006A
:2076200000000000000000000000000000000000000000000000000000000000000000004A
:2076400000000000000000000000000000000000000000000000000000000000000000002A
:2076600000000000000000000000000000000000000000000000000000000000000000000A
:207680000000000000000000000000000000000000000000000000000000000000000000EA
:2076A0000000000000000000000000000000000000000000000000000000000000000000CA
:2076C0000000000000000000000000000000000000000000000000000000000000000000AA
:2076E00000000000000000000000000000000000000000000000000000000000000000008A
:20770000000000000000000000000000000000000000000000000000000000000000000069
:20772000000000000000000000000000000000000000000000000000000000000000000049
:20774000000000000000000000000000000000000000000000000000000000000000000029
:20776000000000000000000000000000000000000000000000000000000000000000000009
:207780000000000000000000000000000000000000000000000000000000000000000000E9
:2077A0000000000000000000000000000000000000000000000000000000000000000000C9
:2077C0000000000000000000000000000000000000000000000000000000000000000000A9
:2077E000000000000000000000000000000000000000000000000000000000000000000089
:20780000000000000000000000000000000000000000000000000000000000000000000068
:20782000000000000000000000000000000000000000000000000000000000000000000048
:20784000000000000000000000000000000000000000000000000000000000000000000028
:20786000000000000000000000000000000000000000000000000000000000000000000008
:207880000000000000000000000000000000000000000000000000000000000000000000E8
:2078A0000000000000000000000000000000000000000000000000000000000000000000C8
:2078C0000000000000000000000000000000000000000000000000000000000000000000A8
:2078E000000000000000000000000000000000000000000000000000000000000000000088
:20790000000000000000000000000000000000000000000000000000000000000000000067
:20792000000000000000000000000000000000000000000000000000000000000000000047
:20794000000000000000000000000000000000000000000000000000000000000000000027
:20796000000000000000000000000000000000000000000000000000000000000000000007
:207980000000000000000000000000000000000000000000000000000000000000000000E7
:2079A0000000000000000000000000000000000000000000000000000000000000000000C7
:2079C0000000000000000000000000000000000000000000000000000000000000000000A7
:2079E000000000000000000000000000000000000000000000000000000000000000000087
:207A0000000000000000000000000000000000000000000000000000000000000000000066
:207A2000000000000000000000000000000000000000000000000000000000000000000046
:207A4000000000000000000000000000000000000000000000000000000000000000000026
:207A6000000000000000000000000000000000000000000000000000000000000000000006
:207A80000000000000000000000000000000000000000000000000000000000000000000E6
:207AA0000000000000000000000000000000000000000000000000000000000000000000C6
:207AC0000000000000000000000000000000000000000000000000000000000000000000A6
:207AE000000000000000000000000000000000000000000000000000000000000000000086
:207B0000000000000000000000000000000000000000000000000000000000000000000065
:207B2000000000000000000000000000000000000000000000000000000000000000000045
:207B4000000000000000000000000000000000000000000000000000000000000000000025
:207B6000000000000000000000000000000000000000000000000000000000000000000005
:207B80000000000000000000000000000000000000000000000000000000000000000000E5
:207BA0000000000000000000000000000000000000000000000000000000000000000000C5
:207BC0000000000000000000000000000000000000000000000000000000000000000000A5
:207BE000000000000000000000000000000000000000000000000000000000000000000085
:207C0000000000000000000000000000000000000000000000000000000000000000000064
:207C2000000000000000000000000000000000000000000000000000000000000000000044
:207C4000000000000000000000000000000000000000000000000000000000000000000024
:207C6000000000000000000000000000000000000000000000000000000000000000000004
:207C80000000000000000000000000000000000000000000000000000000000000000000E4
:207CA0000000000000000000000000000000000000000000000000000000000000000000C4
:207CC0000000000000000000000000000000000000000000000000000000000000000000A4
:207CE000000000000000000000000000000000000000000000000000000000000000000084
:207D0000000000000000000000000000000000000000000000000000000000000000000063
:207D2000000000000000000000000000000000000000000000000000000000000000000043
:207D4000000000000000000000000000000000000000000000000000000000000000000023
:207D6000000000000000000000000000000000000000000000000000000000000000000003
:207D80000000000000000000000000000000000000000000000000000000000000000000E3
:207DA0000000000000000000000000000000000000000000000000000000000000000000C3
:207DC0000000000000000000000000000000000000000000000000000000000000000000A3
:207DE000000000000000000000000000000000000000000000000000000000000000000083
:207E0000000000000000000000000000000000000000000000000000000000000000000062
:207E2000000000000000000000000000000000000000000000000000000000000000000042
:207E4000000000000000000000000000000000000000000000000000000000000000000022
:207E6000000000000000000000000000000000000000000000000000000000000000000002
:207E80000000000000000000000000000000000000000000000000000000000000000000E2
:207EA0000000000000000000000000000000000000000000000000000000000000000000C2
:207EC0000000000000000000000000000000000000000000000000000000000000000000A2
:207EE000000000000000000000000000000000000000000000000000000000000000000082
:207F0000000000000000000000000000000000000000000000000000000000000000000061
:207F2000000000000000000000000000000000000000000000000000000000000000000041
:207F4000000000000000000000000000000000000000000000000000000000000000000021
:207F6000000000000000000000000000000000000000000000000000000000000000000001
:207F80000000000000000000000000000000000000000000000000000000000000000000E1
:207FA0000000000000000000000000000000000000000000000000000000000000000000C1
:207FC0000000000000000000000000000000000000000000000000000000000000000000A1
:207FE000000000000000000000000000000000000000000000000000000000000000000081
:20800000000000000000000000000000000000000000000000000000000000000000000060
:20802000000000000000000000000000000000000000000000000000000000000000000040
:20804000000000000000000000000000000000000000000000000000000000000000000020
:20806000000000000000000000000000000000000000000000000000000000000000000000
:208080000000000000000000000000000000000000000000000000000000000000000000E0
:2080A0000000000000000000000000000000000000000000000000000000000000000000C0
:2080C0000000000000000000000000000000000000000000000000000000000000000000A0
:2080E000000000000000000000000000000000000000000000000000000000000000000080
:2081000000000000000000000000000000000000000000000000000000000000000000005F
:2081200000000000000000000000000000000000000000000000000000000000000000003F
:2081400000000000000000000000000000000000000000000000000000000000000000001F
:208160000000000000000000000000000000000000000000000000000000000000000000FF
:208180000000000000000000000000000000000000000000000000000000000000000000DF
:2081A0000000000000000000000000000000000000000000000000000000000000000000BF
:2081C00000000000000000000000000000000000000000000000000000000000000000009F
:2081E00000000000000000000000000000000000000000000000000000000000000000007F
:2082000000000000000000000000000000000000000000000000000000000000000000005E
:2082200000000000000000000000000000000000000000000000000000000000000000003E
:2082400000000000000000000000000000000000000000000000000000000000000000001E
:208260000000000000000000000000000000000000000000000000000000000000000000FE
:208280000000000000000000000000000000000000000000000000000000000000000000DE
:2082A0000000000000000000000000000000000000000000000000000000000000000000BE
:2082C00000000000000000000000000000000000000000000000000000000000000000009E
:2082E00000000000000000000000000000000000000000000000000000000000000000007E
:2083000000000000000000000000000000000000000000000000000000000000000000005D
:2083200000000000000000000000000000000000000000000000000000000000000000003D
:2083400000000000000000000000000000000000000000000000000000000000000000001D
:208360000000000000000000000000000000000000000000000000000000000000000000FD
:208380000000000000000000000000000000000000000000000000000000000000000000DD
:2083A0000000000000000000000000000000000000000000000000000000000000000000BD
:2083C00000000000000000000000000000000000000000000000000000000000000000009D
:2083E00000000000000000000000000000000000000000000000000000000000000000007D
:2084000000000000000000000000000000000000000000000000000000000000000000005C
:2084200000000000000000000000000000000000000000000000000000000000000000003C
:2084400000000000000000000000000000000000000000000000000000000000000000001C
:208460000000000000000000000000000000000000000000000000000000000000000000FC
:208480000000000000000000000000000000000000000000000000000000000000000000DC
:2084A0000000000000000000000000000000000000000000000000000000000000000000BC
:2084C00000000000000000000000000000000000000000000000000000000000000000009C
:2084E00000000000000000000000000000000000000000000000000000000000000000007C
:2085000000000000000000000000000000000000000000000000000000000000000000005B
:2085200000000000000000000000000000000000000000000000000000000000000000003B
:2085400000000000000000000000000000000000000000000000000000000000000000001B
:208560000000000000000000000000000000000000000000000000000000000000000000FB
:208580000000000000000000000000000000000000000000000000000000000000000000DB
:2085A0000000000000000000000000000000000000000000000000000000000000000000BB
:2085C00000000000000000000000000000000000000000000000000000000000000000009B
:2085E00000000000000000000000000000000000000000000000000000000000000000007B
:2086000000000000000000000000000000000000000000000000000000000000000000005A
:2086200000000000000000000000000000000000000000000000000000000000000000003A
:2086400000000000000000000000000000000000000000000000000000000000000000001A
:208660000000000000000000000000000000000000000000000000000000000000000000FA
:208680000000000000000000000000000000000000000000000000000000000000000000DA
:2086A0000000000000000000000000000000000000000000000000000000000000000000BA
:2086C00000000000000000000000000000000000000000000000000000000000000000009A
:2086E00000000000000000000000000000000000000000000000000000000000000000007A
:20870000000000000000000000000000000000000000000000000000000000000000000059
:20872000000000000000000000000000000000000000000000000000000000000000000039
:20874000000000000000000000000000000000000000000000000000000000000000000019
:208760000000000000000000000000000000000000000000000000000000000000000000F9
:208780000000000000000000000000000000000000000000000000000000000000000000D9
:2087A0000000000000000000000000000000000000000000000000000000000000000000B9
:2087C000000000000000000000000000000000000000000000000000000000000000000099
:2087E000000000000000000000000000000000000000000000000000000000000000000079
:20880000000000000000000000000000000000000000000000000000000000000000000058
:20882000000000000000000000000000000000000000000000000000000000000000000038
:20884000000000000000000000000000000000000000000000000000000000000000000018
:208860000000000000000000000000000000000000000000000000000000000000000000F8
:208880000000000000000000000000000000000000000000000000000000000000000000D8
:2088A0000000000000000000000000000000000000000000000000000000000000000000B8
:2088C000000000000000000000000000000000000000000000000000000000000000000098
:2088E000000000000000000000000000000000000000000000000000000000000000000078
:20890000000000000000000000000000000000000000000000000000000000000000000057
:20892000000000000000000000000000000000000000000000000000000000000000000037
:20894000000000000000000000000000000000000000000000000000000000000000000017
:208960000000000000000000000000000000000000000000000000000000000000000000F7
:208980000000000000000000000000000000000000000000000000000000000000000000D7
:2089A0000000000000000000000000000000000000000000000000000000000000000000B7
:2089C000000000000000000000000000000000000000000000000000000000000000000097
:2089E000000000000000000000000000000000000000000000000000000000000000000077
:208A0000000000000000000000000000000000000000000000000000000000000000000056
:208A2000000000000000000000000000000000000000000000000000000000000000000036
:208A4000000000000000000000000000000000000000000000000000000000000000000016
:208A60000000000000000000000000000000000000000000000000000000000000000000F6
:208A80000000000000000000000000000000000000000000000000000000000000000000D6
:208AA0000000000000000000000000000000000000000000000000000000000000000000B6
:208AC000000000000000000000000000000000000000000000000000000000000000000096
:208AE000000000000000000000000000000000000000000000000000000000000000000076
:208B0000000000000000000000000000000000000000000000000000000000000000000055
:208B2000000000000000000000000000000000000000000000000000000000000000000035
:208B4000000000000000000000000000000000000000000000000000000000000000000015
:208B60000000000000000000000000000000000000000000000000000000000000000000F5
:208B80000000000000000000000000000000000000000000000000000000000000000000D5
:208BA0000000000000000000000000000000000000000000000000000000000000000000B5
:208BC000000000000000000000000000000000000000000000000000000000000000000095
:208BE000000000000000000000000000000000000000000000000000000000000000000075
:208C0000000000000000000000000000000000000000000000000000000000000000000054
:208C2000000000000000000000000000000000000000000000000000000000000000000034
:208C4000000000000000000000000000000000000000000000000000000000000000000014
:208C60000000000000000000000000000000000000000000000000000000000000000000F4
:208C80000000000000000000000000000000000000000000000000000000000000000000D4
:208CA0000000000000000000000000000000000000000000000000000000000000000000B4
:208CC000000000000000000000000000000000000000000000000000000000000000000094
:208CE000000000000000000000000000000000000000000000000000000000000000000074
:208D0000000000000000000000000000000000000000000000000000000000000000000053
:208D2000000000000000000000000000000000000000000000000000000000000000000033
:208D4000000000000000000000000000000000000000000000000000000000000000000013
:208D60000000000000000000000000000000000000000000000000000000000000000000F3
:208D80000000000000000000000000000000000000000000000000000000000000000000D3
:208DA0000000000000000000000000000000000000000000000000000000000000000000B3
:208DC000000000000000000000000000000000000000000000000000000000000000000093
:208DE000000000000000000000000000000000000000000000000000000000000000000073
:208E0000000000000000000000000000000000000000000000000000000000000000000052
:208E2000000000000000000000000000000000000000000000000000000000000000000032
:208E4000000000000000000000000000000000000000000000000000000000000000000012
:208E60000000000000000000000000000000000000000000000000000000000000000000F2
:208E80000000000000000000000000000000000000000000000000000000000000000000D2
:208EA0000000000000000000000000000000000000000000000000000000000000000000B2
:208EC000000000000000000000000000000000000000000000000000000000000000000092
:208EE000000000000000000000000000000000000000000000000000000000000000000072
:208F0000000000000000000000000000000000000000000000000000000000000000000051
:208F2000000000000000000000000000000000000000000000000000000000000000000031
:208F4000000000000000000000000000000000000000000000000000000000000000000011
:208F60000000000000000000000000000000000000000000000000000000000000000000F1
:208F80000000000000000000000000000000000000000000000000000000000000000000D1
:208FA0000000000000000000000000000000000000000000000000000000000000000000B1
:208FC000000000000000000000000000000000000000000000000000000000000000000091
:208FE000000000000000000000000000000000000000000000000000000000000000000071
:20900000000000000000000000000000000000000000000000000000000000000000000050
:20902000000000000000000000000000000000000000000000000000000000000000000030
:20904000000000000000000000000000000000000000000000000000000000000000000010
:209060000000000000000000000000000000000000000000000000000000000000000000F0
:209080000000000000000000000000000000000000000000000000000000000000000000D0
:2090A0000000000000000000000000000000000000000000000000000000000000000000B0
:2090C000000000000000000000000000000000000000000000000000000000000000000090
:2090E000000000000000000000000000000000000000000000000000000000000000000070
:2091000000000000000000000000000000000000000000000000000000000000000000004F
:2091200000000000000000000000000000000000000000000000000000000000000000002F
:2091400000000000000000000000000000000000000000000000000000000000000000000F
:209160000000000000000000000000000000000000000000000000000000000000000000EF
:209180000000000000000000000000000000000000000000000000000000000000000000CF
:2091A0000000000000000000000000000000000000000000000000000000000000000000AF
:2091C00000000000000000000000000000000000000000000000000000000000000000008F
:2091E00000000000000000000000000000000000000000000000000000000000000000006F
:2092000000000000000000000000000000000000000000000000000000000000000000004E
:2092200000000000000000000000000000000000000000000000000000000000000000002E
:2092400000000000000000000000000000000000000000000000000000000000000000000E
:209260000000000000000000000000000000000000000000000000000000000000000000EE
:209280000000000000000000000000000000000000000000000000000000000000000000CE
:2092A0000000000000000000000000000000000000000000000000000000000000000000AE
:2092C00000000000000000000000000000000000000000000000000000000000000000008E
:2092E00000000000000000000000000000000000000000000000000000000000000000006E
:2093000000000000000000000000000000000000000000000000000000000000000000004D
:2093200000000000000000000000000000000000000000000000000000000000000000002D
:2093400000000000000000000000000000000000000000000000000000000000000000000D
:209360000000000000000000000000000000000000000000000000000000000000000000ED
:209380000000000000000000000000000000000000000000000000000000000000000000CD
:2093A0000000000000000000000000000000000000000000000000000000000000000000AD
:2093C00000000000000000000000000000000000000000000000000000000000000000008D
:2093E00000000000000000000000000000000000000000000000000000000000000000006D
:2094000000000000000000000000000000000000000000000000000000000000000000004C
:2094200000000000000000000000000000000000000000000000000000000000000000002C
:2094400000000000000000000000000000000000000000000000000000000000000000000C
:209460000000000000000000000000000000000000000000000000000000000000000000EC
:209480000000000000000000000000000000000000000000000000000000000000000000CC
:2094A0000000000000000000000000000000000000000000000000000000000000000000AC
:2094C00000000000000000000000000000000000000000000000000000000000000000008C
:2094E00000000000000000000000000000000000000000000000000000000000000000006C
:2095000000000000000000000000000000000000000000000000000000000000000000004B
:2095200000000000000000000000000000000000000000000000000000000000000000002B
:2095400000000000000000000000000000000000000000000000000000000000000000000B
:209560000000000000000000000000000000000000000000000000000000000000000000EB
:209580000000000000000000000000000000000000000000000000000000000000000000CB
:2095A0000000000000000000000000000000000000000000000000000000000000000000AB
:2095C00000000000000000000000000000000000000000000000000000000000000000008B
:2095E00000000000000000000000000000000000000000000000000000000000000000006B
:2096000000000000000000000000000000000000000000000000000000000000000000004A
:2096200000000000000000000000000000000000000000000000000000000000000000002A
:2096400000000000000000000000000000000000000000000000000000000000000000000A
:209660000000000000000000000000000000000000000000000000000000000000000000EA
:209680000000000000000000000000000000000000000000000000000000000000000000CA
:2096A0000000000000000000000000000000000000000000000000000000000000000000AA
:2096C00000000000000000000000000000000000000000000000000000000000000000008A
:2096E00000000000000000000000000000000000000000000000000000000000000000006A
:20970000000000000000000000000000000000000000000000000000000000000000000049
:20972000000000000000000000000000000000000000000000000000000000000000000029
:20974000000000000000000000000000000000000000000000000000000000000000000009
:209760000000000000000000000000000000000000000000000000000000000000000000E9
:209780000000000000000000000000000000000000000000000000000000000000000000C9
:2097A0000000000000000000000000000000000000000000000000000000000000000000A9
:2097C000000000000000000000000000000000000000000000000000000000000000000089
:2097E000000000000000000000000000000000000000000000000000000000000000000069
:20980000000000000000000000000000000000000000000000000000000000000000000048
:20982000000000000000000000000000000000000000000000000000000000000000000028
:20984000000000000000000000000000000000000000000000000000000000000000000008
:209860000000000000000000000000000000000000000000000000000000000000000000E8
:209880000000000000000000000000000000000000000000000000000000000000000000C8
:2098A0000000000000000000000000000000000000000000000000000000000000000000A8
:2098C000000000000000000000000000000000000000000000000000000000000000000088
:2098E000000000000000000000000000000000000000000000000000000000000000000068
:20990000000000000000000000000000000000000000000000000000000000000000000047
:20992000000000000000000000000000000000000000000000000000000000000000000027
:20994000000000000000000000000000000000000000000000000000000000000000000007
:209960000000000000000000000000000000000000000000000000000000000000000000E7
:209980000000000000000000000000000000000000000000000000000000000000000000C7
:2099A0000000000000000000000000000000000000000000000000000000000000000000A7
:2099C000000000000000000000000000000000000000000000000000000000000000000087
:2099E000000000000000000000000000000000000000000000000000000000000000000067
:209A0000000000000000000000000000000000000000000000000000000000000000000046
:209A2000000000000000000000000000000000000000000000000000000000000000000026
:209A4000000000000000000000000000000000000000000000000000000000000000000006
:209A60000000000000000000000000000000000000000000000000000000000000000000E6
:209A80000000000000000000000000000000000000000000000000000000000000000000C6
:209AA0000000000000000000000000000000000000000000000000000000000000000000A6
:209AC000000000000000000000000000000000000000000000000000000000000000000086
:209AE000000000000000000000000000000000000000000000000000000000000000000066
:209B0000000000000000000000000000000000000000000000000000000000000000000045
:209B2000000000000000000000000000000000000000000000000000000000000000000025
:209B4000000000000000000000000000000000000000000000000000000000000000000005
:209B60000000000000000000000000000000000000000000000000000000000000000000E5
:209B80000000000000000000000000000000000000000000000000000000000000000000C5
:209BA0000000000000000000000000000000000000000000000000000000000000000000A5
:209BC000000000000000000000000000000000000000000000000000000000000000000085
:209BE000000000000000000000000000000000000000000000000000000000000000000065
:209C0000000000000000000000000000000000000000000000000000000000000000000044
:209C2000000000000000000000000000000000000000000000000000000000000000000024
:209C4000000000000000000000000000000000000000000000000000000000000000000004
:209C60000000000000000000000000000000000000000000000000000000000000000000E4
:209C80000000000000000000000000000000000000000000000000000000000000000000C4
:209CA0000000000000000000000000000000000000000000000000000000000000000000A4
:209CC000000000000000000000000000000000000000000000000000000000000000000084
:209CE000000000000000000000000000000000000000000000000000000000000000000064
:209D0000000000000000000000000000000000000000000000000000000000000000000043
:209D2000000000000000000000000000000000000000000000000000000000000000000023
:209D4000000000000000000000000000000000000000000000000000000000000000000003
:209D60000000000000000000000000000000000000000000000000000000000000000000E3
:209D80000000000000000000000000000000000000000000000000000000000000000000C3
:209DA0000000000000000000000000000000000000000000000000000000000000000000A3
:209DC000000000000000000000000000000000000000000000000000000000000000000083
:209DE000000000000000000000000000000000000000000000000000000000000000000063
:209E0000000000000000000000000000000000000000000000000000000000000000000042
:209E2000000000000000000000000000000000000000000000000000000000000000000022
:209E4000000000000000000000000000000000000000000000000000000000000000000002
:209E60000000000000000000000000000000000000000000000000000000000000000000E2
:209E80000000000000000000000000000000000000000000000000000000000000000000C2
:209EA0000000000000000000000000000000000000000000000000000000000000000000A2
:209EC000000000000000000000000000000000000000000000000000000000000000000082
:209EE000000000000000000000000000000000000000000000000000000000000000000062
:209F0000000000000000000000000000000000000000000000000000000000000000000041
:209F2000000000000000000000000000000000000000000000000000000000000000000021
:209F4000000000000000000000000000000000000000000000000000000000000000000001
:209F60000000000000000000000000000000000000000000000000000000000000000000E1
:209F80000000000000000000000000000000000000000000000000000000000000000000C1
:209FA0000000000000000000000000000000000000000000000000000000000000000000A1
:209FC000000000000000000000000000000000000000000000000000000000000000000081
:209FE000000000000000000000000000000000000000000000000000000000000000000061
:20A00000000000000000000000000000000000000000000000000000000000000000000040
:20A02000000000000000000000000000000000000000000000000000000000000000000020
:20A04000000000000000000000000000000000000000000000000000000000000000000000
:20A060000000000000000000000000000000000000000000000000000000000000000000E0
:20A080000000000000000000000000000000000000000000000000000000000000000000C0
:20A0A0000000000000000000000000000000000000000000000000000000000000000000A0
:20A0C000000000000000000000000000000000000000000000000000000000000000000080
:20A0E000000000000000000000000000000000000000000000000000000000000000000060
:20A1000000000000000000000000000000000000000000000000000000000000000000003F
:20A1200000000000000000000000000000000000000000000000000000000000000000001F
:20A140000000000000000000000000000000000000000000000000000000000000000000FF
:20A160000000000000000000000000000000000000000000000000000000000000000000DF
:20A180000000000000000000000000000000000000000000000000000000000000000000BF
:20A1A00000000000000000000000000000000000000000000000000000000000000000009F
:20A1C00000000000000000000000000000000000000000000000000000000000000000007F
:20A1E00000000000000000000000000000000000000000000000000000000000000000005F
:20A2000000000000000000000000000000000000000000000000000000000000000000003E
:20A2200000000000000000000000000000000000000000000000000000000000000000001E
:20A240000000000000000000000000000000000000000000000000000000000000000000FE
:20A260000000000000000000000000000000000000000000000000000000000000000000DE
:20A280000000000000000000000000000000000000000000000000000000000000000000BE
:20A2A00000000000000000000000000000000000000000000000000000000000000000009E
:20A2C00000000000000000000000000000000000000000000000000000000000000000007E
:20A2E00000000000000000000000000000000000000000000000000000000000000000005E
:20A3000000000000000000000000000000000000000000000000000000000000000000003D
:20A3200000000000000000000000000000000000000000000000000000000000000000001D
:20A340000000000000000000000000000000000000000000000000000000000000000000FD
:20A360000000000000000000000000000000000000000000000000000000000000000000DD
:20A380000000000000000000000000000000000000000000000000000000000000000000BD
:20A3A00000000000000000000000000000000000000000000000000000000000000000009D
:20A3C00000000000000000000000000000000000000000000000000000000000000000007D
:20A3E00000000000000000000000000000000000000000000000000000000000000000005D
:20A4000000000000000000000000000000000000000000000000000000000000000000003C
:20A4200000000000000000000000000000000000000000000000000000000000000000001C
:20A440000000000000000000000000000000000000000000000000000000000000000000FC
:20A460000000000000000000000000000000000000000000000000000000000000000000DC
:20A480000000000000000000000000000000000000000000000000000000000000000000BC
:20A4A00000000000000000000000000000000000000000000000000000000000000000009C
:20A4C00000000000000000000000000000000000000000000000000000000000000000007C
:20A4E00000000000000000000000000000000000000000000000000000000000000000005C
:20A5000000000000000000000000000000000000000000000000000000000000000000003B
:20A5200000000000000000000000000000000000000000000000000000000000000000001B
:20A540000000000000000000000000000000000000000000000000000000000000000000FB
:20A560000000000000000000000000000000000000000000000000000000000000000000DB
:20A580000000000000000000000000000000000000000000000000000000000000000000BB
:20A5A00000000000000000000000000000000000000000000000000000000000000000009B
:20A5C00000000000000000000000000000000000000000000000000000000000000000007B
:20A5E00000000000000000000000000000000000000000000000000000000000000000005B
:20A6000000000000000000000000000000000000000000000000000000000000000000003A
:20A6200000000000000000000000000000000000000000000000000000000000000000001A
:20A640000000000000000000000000000000000000000000000000000000000000000000FA
:20A660000000000000000000000000000000000000000000000000000000000000000000DA
:20A680000000000000000000000000000000000000000000000000000000000000000000BA
:20A6A00000000000000000000000000000000000000000000000000000000000000000009A
:20A6C00000000000000000000000000000000000000000000000000000000000000000007A
:20A6E00000000000000000000000000000000000000000000000000000000000000000005A
:20A70000000000000000000000000000000000000000000000000000000000000000000039
:20A72000000000000000000000000000000000000000000000000000000000000000000019
:20A740000000000000000000000000000000000000000000000000000000000000000000F9
:20A760000000000000000000000000000000000000000000000000000000000000000000D9
:20A780000000000000000000000000000000000000000000000000000000000000000000B9
:20A7A000000000000000000000000000000000000000000000000000000000000000000099
:20A7C000000000000000000000000000000000000000000000000000000000000000000079
:20A7E000000000000000000000000000000000000000000000000000000000000000000059
:20A80000000000000000000000000000000000000000000000000000000000000000000038
:20A82000000000000000000000000000000000000000000000000000000000000000000018
:20A840000000000000000000000000000000000000000000000000000000000000000000F8
:20A860000000000000000000000000000000000000000000000000000000000000000000D8
:20A880000000000000000000000000000000000000000000000000000000000000000000B8
:20A8A000000000000000000000000000000000000000000000000000000000000000000098
:20A8C000000000000000000000000000000000000000000000000000000000000000000078
:20A8E000000000000000000000000000000000000000000000000000000000000000000058
:20A90000000000000000000000000000000000000000000000000000000000000000000037
:20A92000000000000000000000000000000000000000000000000000000000000000000017
:20A940000000000000000000000000000000000000000000000000000000000000000000F7
:20A960000000000000000000000000000000000000000000000000000000000000000000D7
:20A980000000000000000000000000000000000000000000000000000000000000000000B7
:20A9A000000000000000000000000000000000000000000000000000000000000000000097
:20A9C000000000000000000000000000000000000000000000000000000000000000000077
:20A9E000000000000000000000000000000000000000000000000000000000000000000057
:20AA0000000000000000000000000000000000000000000000000000000000000000000036
:20AA2000000000000000000000000000000000000000000000000000000000000000000016
:20AA40000000000000000000000000000000000000000000000000000000000000000000F6
:20AA60000000000000000000000000000000000000000000000000000000000000000000D6
:20AA80000000000000000000000000000000000000000000000000000000000000000000B6
:20AAA000000000000000000000000000000000000000000000000000000000000000000096
:20AAC000000000000000000000000000000000000000000000000000000000000000000076
:20AAE000000000000000000000000000000000000000000000000000000000000000000056
:20AB0000000000000000000000000000000000000000000000000000000000000000000035
:20AB2000000000000000000000000000000000000000000000000000000000000000000015
:20AB40000000000000000000000000000000000000000000000000000000000000000000F5
:20AB60000000000000000000000000000000000000000000000000000000000000000000D5
:20AB80000000000000000000000000000000000000000000000000000000000000000000B5
:20ABA000000000000000000000000000000000000000000000000000000000000000000095
:20ABC000000000000000000000000000000000000000000000000000000000000000000075
:20ABE000000000000000000000000000000000000000000000000000000000000000000055
:20AC0000000000000000000000000000000000000000000000000000000000000000000034
:20AC2000000000000000000000000000000000000000000000000000000000000000000014
:20AC40000000000000000000000000000000000000000000000000000000000000000000F4
:20AC60000000000000000000000000000000000000000000000000000000000000000000D4
:20AC80000000000000000000000000000000000000000000000000000000000000000000B4
:20ACA000000000000000000000000000000000000000000000000000000000000000000094
:20ACC000000000000000000000000000000000000000000000000000000000000000000074
:20ACE000000000000000000000000000000000000000000000000000000000000000000054
:20AD0000000000000000000000000000000000000000000000000000000000000000000033
:20AD2000000000000000000000000000000000000000000000000000000000000000000013
:20AD40000000000000000000000000000000000000000000000000000000000000000000F3
:20AD60000000000000000000000000000000000000000000000000000000000000000000D3
:20AD80000000000000000000000000000000000000000000000000000000000000000000B3
:20ADA000000000000000000000000000000000000000000000000000000000000000000093
:20ADC000000000000000000000000000000000000000000000000000000000000000000073
:20ADE000000000000000000000000000000000000000000000000000000000000000000053
:20AE0000000000000000000000000000000000000000000000000000000000000000000032
:20AE2000000000000000000000000000000000000000000000000000000000000000000012
:20AE40000000000000000000000000000000000000000000000000000000000000000000F2
:20AE60000000000000000000000000000000000000000000000000000000000000000000D2
:20AE80000000000000000000000000000000000000000000000000000000000000000000B2
:20AEA000000000000000000000000000000000000000000000000000000000000000000092
:20AEC000000000000000000000000000000000000000000000000000000000000000000072
:20AEE000000000000000000000000000000000000000000000000000000000000000000052
:20AF0000000000000000000000000000000000000000000000000000000000000000000031
:20AF2000000000000000000000000000000000000000000000000000000000000000000011
:20AF40000000000000000000000000000000000000000000000000000000000000000000F1
:20AF60000000000000000000000000000000000000000000000000000000000000000000D1
:20AF80000000000000000000000000000000000000000000000000000000000000000000B1
:20AFA000000000000000000000000000000000000000000000000000000000000000000091
:20AFC000000000000000000000000000000000000000000000000000000000000000000071
:20AFE000000000000000000000000000000000000000000000000000000000000000000051
:20B00000000000000000000000000000000000000000000000000000000000000000000030
:20B02000000000000000000000000000000000000000000000000000000000000000000010
:20B040000000000000000000000000000000000000000000000000000000000000000000F0
:20B060000000000000000000000000000000000000000000000000000000000000000000D0
:20B080000000000000000000000000000000000000000000000000000000000000000000B0
:20B0A000000000000000000000000000000000000000000000000000000000000000000090
:20B0C000000000000000000000000000000000000000000000000000000000000000000070
:20B0E000000000000000000000000000000000000000000000000000000000000000000050
:20B1000000000000000000000000000000000000000000000000000000000000000000002F
:20B1200000000000000000000000000000000000000000000000000000000000000000000F
:20B140000000000000000000000000000000000000000000000000000000000000000000EF
:20B160000000000000000000000000000000000000000000000000000000000000000000CF
:20B180000000000000000000000000000000000000000000000000000000000000000000AF
:20B1A00000000000000000000000000000000000000000000000000000000000000000008F
:20B1C00000000000000000000000000000000000000000000000000000000000000000006F
:20B1E00000000000000000000000000000000000000000000000000000000000000000004F
:20B2000000000000000000000000000000000000000000000000000000000000000000002E
:20B2200000000000000000000000000000000000000000000000000000000000000000000E
:20B240000000000000000000000000000000000000000000000000000000000000000000EE
:20B260000000000000000000000000000000000000000000000000000000000000000000CE
:20B280000000000000000000000000000000000000000000000000000000000000000000AE
:20B2A00000000000000000000000000000000000000000000000000000000000000000008E
:20B2C00000000000000000000000000000000000000000000000000000000000000000006E
:20B2E00000000000000000000000000000000000000000000000000000000000000000004E
:20B3000000000000000000000000000000000000000000000000000000000000000000002D
:20B3200000000000000000000000000000000000000000000000000000000000000000000D
:20B340000000000000000000000000000000000000000000000000000000000000000000ED
:20B360000000000000000000000000000000000000000000000000000000000000000000CD
:20B380000000000000000000000000000000000000000000000000000000000000000000AD
:20B3A00000000000000000000000000000000000000000000000000000000000000000008D
:20B3C00000000000000000000000000000000000000000000000000000000000000000006D
:20B3E00000000000000000000000000000000000000000000000000000000000000000004D
:20B4000000000000000000000000000000000000000000000000000000000000000000002C
:20B4200000000000000000000000000000000000000000000000000000000000000000000C
:20B440000000000000000000000000000000000000000000000000000000000000000000EC
:20B460000000000000000000000000000000000000000000000000000000000000000000CC
:20B480000000000000000000000000000000000000000000000000000000000000000000AC
:20B4A00000000000000000000000000000000000000000000000000000000000000000008C
:20B4C00000000000000000000000000000000000000000000000000000000000000000006C
:20B4E00000000000000000000000000000000000000000000000000000000000000000004C
:20B5000000000000000000000000000000000000000000000000000000000000000000002B
:20B5200000000000000000000000000000000000000000000000000000000000000000000B
:20B540000000000000000000000000000000000000000000000000000000000000000000EB
:20B560000000000000000000000000000000000000000000000000000000000000000000CB
:20B580000000000000000000000000000000000000000000000000000000000000000000AB
:20B5A00000000000000000000000000000000000000000000000000000000000000000008B
:20B5C00000000000000000000000000000000000000000000000000000000000000000006B
:20B5E00000000000000000000000000000000000000000000000000000000000000000004B
:20B6000000000000000000000000000000000000000000000000000000000000000000002A
:20B6200000000000000000000000000000000000000000000000000000000000000000000A
:20B640000000000000000000000000000000000000000000000000000000000000000000EA
:20B660000000000000000000000000000000000000000000000000000000000000000000CA
:20B680000000000000000000000000000000000000000000000000000000000000000000AA
:20B6A00000000000000000000000000000000000000000000000000000000000000000008A
:20B6C00000000000000000000000000000000000000000000000000000000000000000006A
:20B6E00000000000000000000000000000000000000000000000000000000000000000004A
:20B70000000000000000000000000000000000000000000000000000000000000000000029
:20B72000000000000000000000000000000000000000000000000000000000000000000009
:20B740000000000000000000000000000000000000000000000000000000000000000000E9
:20B760000000000000000000000000000000000000000000000000000000000000000000C9
:20B780000000000000000000000000000000000000000000000000000000000000000000A9
:20B7A000000000000000000000000000000000000000000000000000000000000000000089
:20B7C000000000000000000000000000000000000000000000000000000000000000000069
:20B7E000000000000000000000000000000000000000000000000000000000000000000049
:20B80000000000000000000000000000000000000000000000000000000000000000000028
:20B82000000000000000000000000000000000000000000000000000000000000000000008
:20B840000000000000000000000000000000000000000000000000000000000000000000E8
:20B860000000000000000000000000000000000000000000000000000000000000000000C8
:20B880000000000000000000000000000000000000000000000000000000000000000000A8
:20B8A000000000000000000000000000000000000000000000000000000000000000000088
:20B8C000000000000000000000000000000000000000000000000000000000000000000068
:20B8E000000000000000000000000000000000000000000000000000000000000000000048
:20B90000000000000000000000000000000000000000000000000000000000000000000027
:20B92000000000000000000000000000000000000000000000000000000000000000000007
:20B940000000000000000000000000000000000000000000000000000000000000000000E7
:20B960000000000000000000000000000000000000000000000000000000000000000000C7
:20B980000000000000000000000000000000000000000000000000000000000000000000A7
:20B9A000000000000000000000000000000000000000000000000000000000000000000087
:20B9C000000000000000000000000000000000000000000000000000000000000000000067
:20B9E000000000000000000000000000000000000000000000000000000000000000000047
:20BA0000000000000000000000000000000000000000000000000000000000000000000026
:20BA2000000000000000000000000000000000000000000000000000000000000000000006
:20BA40000000000000000000000000000000000000000000000000000000000000000000E6
:20BA60000000000000000000000000000000000000000000000000000000000000000000C6
:20BA80000000000000000000000000000000000000000000000000000000000000000000A6
:20BAA000000000000000000000000000000000000000000000000000000000000000000086
:20BAC000000000000000000000000000000000000000000000000000000000000000000066
:20BAE000000000000000000000000000000000000000000000000000000000000000000046
:20BB0000000000000000000000000000000000000000000000000000000000000000000025
:20BB2000000000000000000000000000000000000000000000000000000000000000000005
:20BB40000000000000000000000000000000000000000000000000000000000000000000E5
:20BB60000000000000000000000000000000000000000000000000000000000000000000C5
:20BB80000000000000000000000000000000000000000000000000000000000000000000A5
:20BBA000000000000000000000000000000000000000000000000000000000000000000085
:20BBC000000000000000000000000000000000000000000000000000000000000000000065
:20BBE000000000000000000000000000000000000000000000000000000000000000000045
:20BC0000000000000000000000000000000000000000000000000000000000000000000024
:20BC2000000000000000000000000000000000000000000000000000000000000000000004
:20BC40000000000000000000000000000000000000000000000000000000000000000000E4
:20BC60000000000000000000000000000000000000000000000000000000000000000000C4
:20BC80000000000000000000000000000000000000000000000000000000000000000000A4
:20BCA000000000000000000000000000000000000000000000000000000000000000000084
:20BCC000000000000000000000000000000000000000000000000000000000000000000064
:20BCE000000000000000000000000000000000000000000000000000000000000000000044
:20BD0000000000000000000000000000000000000000000000000000000000000000000023
:20BD2000000000000000000000000000000000000000000000000000000000000000000003
:20BD40000000000000000000000000000000000000000000000000000000000000000000E3
:20BD60000000000000000000000000000000000000000000000000000000000000000000C3
:20BD80000000000000000000000000000000000000000000000000000000000000000000A3
:20BDA000000000000000000000000000000000000000000000000000000000000000000083
:20BDC000000000000000000000000000000000000000000000000000000000000000000063
:20BDE000000000000000000000000000000000000000000000000000000000000000000043
:20BE0000000000000000000000000000000000000000000000000000000000000000000022
:20BE2000000000000000000000000000000000000000000000000000000000000000000002
:20BE40000000000000000000000000000000000000000000000000000000000000000000E2
:20BE60000000000000000000000000000000000000000000000000000000000000000000C2
:20BE80000000000000000000000000000000000000000000000000000000000000000000A2
:20BEA000000000000000000000000000000000000000000000000000000000000000000082
:20BEC000000000000000000000000000000000000000000000000000000000000000000062
:20BEE000000000000000000000000000000000000000000000000000000000000000000042
:20BF0000000000000000000000000000000000000000000000000000000000000000000021
:20BF2000000000000000000000000000000000000000000000000000000000000000000001
:20BF40000000000000000000000000000000000000000000000000000000000000000000E1
:20BF60000000000000000000000000000000000000000000000000000000000000000000C1
:20BF80000000000000000000000000000000000000000000000000000000000000000000A1
:20BFA000000000000000000000000000000000000000000000000000000000000000000081
:20BFC000000000000000000000000000000000000000000000000000000000000000000061
:20BFE000000000000000000000000000000000000000000000000000000000000000000041
:20C00000000000000000000000000000000000000000000000000000000000000000000020
:20C02000000000000000000000000000000000000000000000000000000000000000000000
:20C040000000000000000000000000000000000000000000000000000000000000000000E0
:20C060000000000000000000000000000000000000000000000000000000000000000000C0
:20C080000000000000000000000000000000000000000000000000000000000000000000A0
:20C0A000000000000000000000000000000000000000000000000000000000000000000080
:20C0C000000000000000000000000000000000000000000000000000000000000000000060
:20C0E000000000000000000000000000000000000000000000000000000000000000000040
:20C1000000000000000000000000000000000000000000000000000000000000000000001F
:20C120000000000000000000000000000000000000000000000000000000000000000000FF
:20C140000000000000000000000000000000000000000000000000000000000000000000DF
:20C160000000000000000000000000000000000000000000000000000000000000000000BF
:20C1800000000000000000000000000000000000000000000000000000000000000000009F
:20C1A00000000000000000000000000000000000000000000000000000000000000000007F
:20C1C00000000000000000000000000000000000000000000000000000000000000000005F
:20C1E00000000000000000000000000000000000000000000000000000000000000000003F
:20C2000000000000000000000000000000000000000000000000000000000000000000001E
:20C220000000000000000000000000000000000000000000000000000000000000000000FE
:20C240000000000000000000000000000000000000000000000000000000000000000000DE
:20C260000000000000000000000000000000000000000000000000000000000000000000BE
:20C2800000000000000000000000000000000000000000000000000000000000000000009E
:20C2A00000000000000000000000000000000000000000000000000000000000000000007E
:20C2C00000000000000000000000000000000000000000000000000000000000000000005E
:20C2E00000000000000000000000000000000000000000000000000000000000000000003E
:20C3000000000000000000000000000000000000000000000000000000000000000000001D
:20C320000000000000000000000000000000000000000000000000000000000000000000FD
:20C340000000000000000000000000000000000000000000000000000000000000000000DD
:20C360000000000000000000000000000000000000000000000000000000000000000000BD
:20C3800000000000000000000000000000000000000000000000000000000000000000009D
:20C3A00000000000000000000000000000000000000000000000000000000000000000007D
:20C3C00000000000000000000000000000000000000000000000000000000000000000005D
:20C3E00000000000000000000000000000000000000000000000000000000000000000003D
:20C4000000000000000000000000000000000000000000000000000000000000000000001C
:20C420000000000000000000000000000000000000000000000000000000000000000000FC
:20C440000000000000000000000000000000000000000000000000000000000000000000DC
:20C460000000000000000000000000000000000000000000000000000000000000000000BC
:20C4800000000000000000000000000000000000000000000000000000000000000000009C
:20C4A00000000000000000000000000000000000000000000000000000000000000000007C
:20C4C00000000000000000000000000000000000000000000000000000000000000000005C
:20C4E00000000000000000000000000000000000000000000000000000000000000000003C
:20C5000000000000000000000000000000000000000000000000000000000000000000001B
:20C520000000000000000000000000000000000000000000000000000000000000000000FB
:20C540000000000000000000000000000000000000000000000000000000000000000000DB
:20C560000000000000000000000000000000000000000000000000000000000000000000BB
:20C5800000000000000000000000000000000000000000000000000000000000000000009B
:20C5A00000000000000000000000000000000000000000000000000000000000000000007B
:20C5C00000000000000000000000000000000000000000000000000000000000000000005B
:20C5E00000000000000000000000000000000000000000000000000000000000000000003B
:20C6000000000000000000000000000000000000000000000000000000000000000000001A
:20C620000000000000000000000000000000000000000000000000000000000000000000FA
:20C640000000000000000000000000000000000000000000000000000000000000000000DA
:20C660000000000000000000000000000000000000000000000000000000000000000000BA
:20C6800000000000000000000000000000000000000000000000000000000000000000009A
:20C6A00000000000000000000000000000000000000000000000000000000000000000007A
:20C6C00000000000000000000000000000000000000000000000000000000000000000005A
:20C6E00000000000000000000000000000000000000000000000000000000000000000003A
:20C70000000000000000000000000000000000000000000000000000000000000000000019
:20C720000000000000000000000000000000000000000000000000000000000000000000F9
:20C740000000000000000000000000000000000000000000000000000000000000000000D9
:20C760000000000000000000000000000000000000000000000000000000000000000000B9
:20C78000000000000000000000000000000000000000000000000000000000000000000099
:20C7A000000000000000000000000000000000000000000000000000000000000000000079
:20C7C000000000000000000000000000000000000000000000000000000000000000000059
:20C7E000000000000000000000000000000000000000000000000000000000000000000039
:20C80000000000000000000000000000000000000000000000000000000000000000000018
:20C820000000000000000000000000000000000000000000000000000000000000000000F8
:20C840000000000000000000000000000000000000000000000000000000000000000000D8
:20C860000000000000000000000000000000000000000000000000000000000000000000B8
:20C88000000000000000000000000000000000000000000000000000000000000000000098
:20C8A000000000000000000000000000000000000000000000000000000000000000000078
:20C8C000000000000000000000000000000000000000000000000000000000000000000058
:20C8E000000000000000000000000000000000000000000000000000000000000000000038
:20C90000000000000000000000000000000000000000000000000000000000000000000017
:20C920000000000000000000000000000000000000000000000000000000000000000000F7
:20C940000000000000000000000000000000000000000000000000000000000000000000D7
:20C960000000000000000000000000000000000000000000000000000000000000000000B7
:20C98000000000000000000000000000000000000000000000000000000000000000000097
:20C9A000000000000000000000000000000000000000000000000000000000000000000077
:20C9C000000000000000000000000000000000000000000000000000000000000000000057
:20C9E000000000000000000000000000000000000000000000000000000000000000000037
:20CA0000000000000000000000000000000000000000000000000000000000000000000016
:20CA20000000000000000000000000000000000000000000000000000000000000000000F6
:20CA40000000000000000000000000000000000000000000000000000000000000000000D6
:20CA60000000000000000000000000000000000000000000000000000000000000000000B6
:20CA8000000000000000000000000000000000000000000000000000000000000000000096
:20CAA000000000000000000000000000000000000000000000000000000000000000000076
:20CAC000000000000000000000000000000000000000000000000000000000000000000056
:20CAE000000000000000000000000000000000000000000000000000000000000000000036
:20CB0000000000000000000000000000000000000000000000000000000000000000000015
:20CB20000000000000000000000000000000000000000000000000000000000000000000F5
:20CB40000000000000000000000000000000000000000000000000000000000000000000D5
:20CB60000000000000000000000000000000000000000000000000000000000000000000B5
:20CB8000000000000000000000000000000000000000000000000000000000000000000095
:20CBA000000000000000000000000000000000000000000000000000000000000000000075
:20CBC000000000000000000000000000000000000000000000000000000000000000000055
:20CBE000000000000000000000000000000000000000000000000000000000000000000035
:20CC0000000000000000000000000000000000000000000000000000000000000000000014
:20CC20000000000000000000000000000000000000000000000000000000000000000000F4
:20CC40000000000000000000000000000000000000000000000000000000000000000000D4
:20CC60000000000000000000000000000000000000000000000000000000000000000000B4
:20CC8000000000000000000000000000000000000000000000000000000000000000000094
:20CCA000000000000000000000000000000000000000000000000000000000000000000074
:20CCC000000000000000000000000000000000000000000000000000000000000000000054
:20CCE000000000000000000000000000000000000000000000000000000000000000000034
:20CD0000000000000000000000000000000000000000000000000000000000000000000013
:20CD20000000000000000000000000000000000000000000000000000000000000000000F3
:20CD40000000000000000000000000000000000000000000000000000000000000000000D3
:20CD60000000000000000000000000000000000000000000000000000000000000000000B3
:20CD8000000000000000000000000000000000000000000000000000000000000000000093
:20CDA000000000000000000000000000000000000000000000000000000000000000000073
:20CDC000000000000000000000000000000000000000000000000000000000000000000053
:20CDE000000000000000000000000000000000000000000000000000000000000000000033
:20CE0000000000000000000000000000000000000000000000000000000000000000000012
:20CE20000000000000000000000000000000000000000000000000000000000000000000F2
:20CE40000000000000000000000000000000000000000000000000000000000000000000D2
:20CE60000000000000000000000000000000000000000000000000000000000000000000B2
:20CE8000000000000000000000000000000000000000000000000000000000000000000092
:20CEA000000000000000000000000000000000000000000000000000000000000000000072
:20CEC000000000000000000000000000000000000000000000000000000000000000000052
:20CEE000000000000000000000000000000000000000000000000000000000000000000032
:20CF0000000000000000000000000000000000000000000000000000000000000000000011
:20CF20000000000000000000000000000000000000000000000000000000000000000000F1
:20CF40000000000000000000000000000000000000000000000000000000000000000000D1
:20CF60000000000000000000000000000000000000000000000000000000000000000000B1
:20CF8000000000000000000000000000000000000000000000000000000000000000000091
:20CFA000000000000000000000000000000000000000000000000000000000000000000071
:20CFC000000000000000000000000000000000000000000000000000000000000000000051
:20CFE000000000000000000000000000000000000000000000000000000000000000000031
:20D00000000000000000000000000000000000000000000000000000000000000000000010
:20D020000000000000000000000000000000000000000000000000000000000000000000F0
:20D040000000000000000000000000000000000000000000000000000000000000000000D0
:20D060000000000000000000000000000000000000000000000000000000000000000000B0
:20D08000000000000000000000000000000000000000000000000000000000000000000090
:20D0A000000000000000000000000000000000000000000000000000000000000000000070
:20D0C000000000000000000000000000000000000000000000000000000000000000000050
:20D0E000000000000000000000000000000000000000000000000000000000000000000030
:20D1000000000000000000000000000000000000000000000000000000000000000000000F
:20D120000000000000000000000000000000000000000000000000000000000000000000EF
:20D140000000000000000000000000000000000000000000000000000000000000000000CF
:20D160000000000000000000000000000000000000000000000000000000000000000000AF
:20D1800000000000000000000000000000000000000000000000000000000000000000008F
:20D1A00000000000000000000000000000000000000000000000000000000000000000006F
:20D1C00000000000000000000000000000000000000000000000000000000000000000004F
:20D1E00000000000000000000000000000000000000000000000000000000000000000002F
:20D2000000000000000000000000000000000000000000000000000000000000000000000E
:20D220000000000000000000000000000000000000000000000000000000000000000000EE
:20D240000000000000000000000000000000000000000000000000000000000000000000CE
:20D260000000000000000000000000000000000000000000000000000000000000000000AE
:20D2800000000000000000000000000000000000000000000000000000000000000000008E
:20D2A00000000000000000000000000000000000000000000000000000000000000000006E
:20D2C00000000000000000000000000000000000000000000000000000000000000000004E
:20D2E00000000000000000000000000000000000000000000000000000000000000000002E
:20D3000000000000000000000000000000000000000000000000000000000000000000000D
:20D320000000000000000000000000000000000000000000000000000000000000000000ED
:20D340000000000000000000000000000000000000000000000000000000000000000000CD
:20D360000000000000000000000000000000000000000000000000000000000000000000AD
:20D3800000000000000000000000000000000000000000000000000000000000000000008D
:20D3A00000000000000000000000000000000000000000000000000000000000000000006D
:20D3C00000000000000000000000000000000000000000000000000000000000000000004D
:20D3E00000000000000000000000000000000000000000000000000000000000000000002D
:20D4000000000000000000000000000000000000000000000000000000000000000000000C
:20D420000000000000000000000000000000000000000000000000000000000000000000EC
:20D440000000000000000000000000000000000000000000000000000000000000000000CC
:20D460000000000000000000000000000000000000000000000000000000000000000000AC
:20D4800000000000000000000000000000000000000000000000000000000000000000008C
:20D4A00000000000000000000000000000000000000000000000000000000000000000006C
:20D4C00000000000000000000000000000000000000000000000000000000000000000004C
:20D4E00000000000000000000000000000000000000000000000000000000000000000002C
:20D5000000000000000000000000000000000000000000000000000000000000000000000B
:20D520000000000000000000000000000000000000000000000000000000000000000000EB
:20D540000000000000000000000000000000000000000000000000000000000000000000CB
:20D560000000000000000000000000000000000000000000000000000000000000000000AB
:20D5800000000000000000000000000000000000000000000000000000000000000000008B
:20D5A00000000000000000000000000000000000000000000000000000000000000000006B
:20D5C00000000000000000000000000000000000000000000000000000000000000000004B
:20D5E00000000000000000000000000000000000000000000000000000000000000000002B
:20D6000000000000000000000000000000000000000000000000000000000000000000000A
:20D620000000000000000000000000000000000000000000000000000000000000000000EA
:20D640000000000000000000000000000000000000000000000000000000000000000000CA
:20D660000000000000000000000000000000000000000000000000000000000000000000AA
:20D6800000000000000000000000000000000000000000000000000000000000000000008A
:20D6A00000000000000000000000000000000000000000000000000000000000000000006A
:20D6C00000000000000000000000000000000000000000000000000000000000000000004A
:20D6E00000000000000000000000000000000000000000000000000000000000000000002A
:20D70000000000000000000000000000000000000000000000000000000000000000000009
:20D720000000000000000000000000000000000000000000000000000000000000000000E9
:20D740000000000000000000000000000000000000000000000000000000000000000000C9
:20D760000000000000000000000000000000000000000000000000000000000000000000A9
:20D78000000000000000000000000000000000000000000000000000000000000000000089
:20D7A000000000000000000000000000000000000000000000000000000000000000000069
:20D7C000000000000000000000000000000000000000000000000000000000000000000049
:20D7E000000000000000000000000000000000000000000000000000000000000000000029
:20D80000000000000000000000000000000000000000000000000000000000000000000008
:20D820000000000000000000000000000000000000000000000000000000000000000000E8
:20D840000000000000000000000000000000000000000000000000000000000000000000C8
:20D860000000000000000000000000000000000000000000000000000000000000000000A8
:20D88000000000000000000000000000000000000000000000000000000000000000000088
:20D8A000000000000000000000000000000000000000000000000000000000000000000068
:20D8C000000000000000000000000000000000000000000000000000000000000000000048
:20D8E000000000000000000000000000000000000000000000000000000000000000000028
:20D90000000000000000000000000000000000000000000000000000000000000000000007
:20D920000000000000000000000000000000000000000000000000000000000000000000E7
:20D940000000000000000000000000000000000000000000000000000000000000000000C7
:20D960000000000000000000000000000000000000000000000000000000000000000000A7
:20D98000000000000000000000000000000000000000000000000000000000000000000087
:20D9A000000000000000000000000000000000000000000000000000000000000000000067
:20D9C000000000000000000000000000000000000000000000000000000000000000000047
:20D9E000000000000000000000000000000000000000000000000000000000000000000027
:20DA0000000000000000000000000000000000000000000000000000000000000000000006
:20DA20000000000000000000000000000000000000000000000000000000000000000000E6
:20DA40000000000000000000000000000000000000000000000000000000000000000000C6
:20DA60000000000000000000000000000000000000000000000000000000000000000000A6
:20DA8000000000000000000000000000000000000000000000000000000000000000000086
:20DAA000000000000000000000000000000000000000000000000000000000000000000066
:20DAC000000000000000000000000000000000000000000000000000000000000000000046
:20DAE000000000000000000000000000000000000000000000000000000000000000000026
:20DB0000000000000000000000000000000000000000000000000000000000000000000005
:20DB20000000000000000000000000000000000000000000000000000000000000000000E5
:20DB40000000000000000000000000000000000000000000000000000000000000000000C5
:20DB60000000000000000000000000000000000000000000000000000000000000000000A5
:20DB8000000000000000000000000000000000000000000000000000000000000000000085
:20DBA000000000000000000000000000000000000000000000000000000000000000000065
:20DBC000000000000000000000000000000000000000000000000000000000000000000045
:20DBE000000000000000000000000000000000000000000000000000000000000000000025
:20DC0000000000000000000000000000000000000000000000000000000000000000000004
:20DC20000000000000000000000000000000000000000000000000000000000000000000E4
:20DC40000000000000000000000000000000000000000000000000000000000000000000C4
:20DC60000000000000000000000000000000000000000000000000000000000000000000A4
:20DC8000000000000000000000000000000000000000000000000000000000000000000084
:20DCA000000000000000000000000000000000000000000000000000000000000000000064
:20DCC000000000000000000000000000000000000000000000000000000000000000000044
:20DCE000000000000000000000000000000000000000000000000000000000000000000024
:20DD0000000000000000000000000000000000000000000000000000000000000000000003
:20DD20000000000000000000000000000000000000000000000000000000000000000000E3
:20DD40000000000000000000000000000000000000000000000000000000000000000000C3
:20DD60000000000000000000000000000000000000000000000000000000000000000000A3
:20DD8000000000000000000000000000000000000000000000000000000000000000000083
:20DDA000000000000000000000000000000000000000000000000000000000000000000063
:20DDC000000000000000000000000000000000000000000000000000000000000000000043
:20DDE000000000000000000000000000000000000000000000000000000000000000000023
:20DE0000000000000000000000000000000000000000000000000000000000000000000002
:20DE20000000000000000000000000000000000000000000000000000000000000000000E2
:20DE40000000000000000000000000000000000000000000000000000000000000000000C2
:20DE60000000000000000000000000000000000000000000000000000000000000000000A2
:20DE8000000000000000000000000000000000000000000000000000000000000000000082
:20DEA000000000000000000000000000000000000000000000000000000000000000000062
:20DEC000000000000000000000000000000000000000000000000000000000000000000042
:20DEE000000000000000000000000000000000000000000000000000000000000000000022
:20DF0000000000000000000000000000000000000000000000000000000000000000000001
:20DF20000000000000000000000000000000000000000000000000000000000000000000E1
:20DF40000000000000000000000000000000000000000000000000000000000000000000C1
:20DF60000000000000000000000000000000000000000000000000000000000000000000A1
:20DF8000000000000000000000000000000000000000000000000000000000000000000081
:20DFA000000000000000000000000000000000000000000000000000000000000000000061
:20DFC000000000000000000000000000000000000000000000000000000000000000000041
:20DFE000000000000000000000000000000000000000000000000000000000000000000021
:20E00000FF00FF00FF00FF00FF00FF00FF00FF00FF00FF00FF00FF00FF00FF00FF00FF0010
:20E02000FF00FF00FF00FF00FF00FF00FF00FF00FF00FF00FF00FF00FF00FF00FF00FF00F0
:20E04000FF00FF00FF00FF00FF00FF00FF00FF00FF00FF00FF00FF00FF00FF00FF00FF00D0
:20E06000FF00FF00FF00FF00FF00FF00FF00FF00FF00FF00FF00FF00FF00FF00FF00FF00B0
:20E08000FF00FF00FF00FF00FF00FF00FF00FF00FF00FF00FF00FF00FF00FF00FF00FF0090
:20E0A000FF00FF00FF00FF00FF00FF00FF00FF00FF00FF00FF00FF00FF00FF00FF00FF0070
:20E0C000FF00FF00FF00FF00FF00FF00FF00FF00FF00FF00FF00FF00FF00FF00FF00FF0050
:20E0E000FF00FF00FF00FF00FF00FF00FF00FF00FF00FF00FF00FF00FF00FF00FF00FF0030
:20E10000FF00FF00FF00FF00FF00FF00FF00FF00FF00FF00FF00FF00FF00FF00FF00FF000F
:20E12000FF00FF00FF00FF00FF00FF00FF00FF00FF00FF00FF00FF00FF00FF00FF00FF00EF
:20E14000FF00FF00FF00FF00FF00FF00FF00FF00FF00FF00FF00FF00FF00FF00FF00FF00CF
:20E16000FF00FF00FF00FF00FF00FF00FF00FF00FF00FF00FF00FF00FF00FF00FF00FF00AF
:20E18000FF00FF00FF00FF00FF00FF00FF00FF00FF00FF00FF00FF00FF00FF00FF00FF008F
:20E1A000FF00FF00FF00FF00FF00FF00FF00FF00FF00FF00FF00FF00FF00FF00FF00FF006F
:20E1C000FF00FF00FF00FF00FF00FF00FF00FF00FF00FF00FF00FF00FF00FF00FF00FF004F
:20E1E000FF00FF00FF00FF00FF00FF00FF00FF00FF00FF00FF00FF00FF00FF00FF00FF002F
:00000001FF